entry_time_utc,exit_time_utc,side,entry_price,exit_price,stop_init,size_oz,pnl_usd,pnl_R,return_pct,bars_held,exit_reason,equity_after
2010-02-22T00:00:00+00:00,2010-02-22T10:00:00+00:00,long,1125.782,1118.0668,1114.6456,8.97956252,-71.972989,-0.71973,-0.71973,6,trail,9928.027011
2010-02-26T08:00:00+00:00,2010-03-01T10:00:00+00:00,long,1110.464,1113.2226,1099.0655,8.70994167,21.414263,0.215695,0.215695,19,trail,9949.441273
2010-03-02T16:00:00+00:00,2010-03-04T04:00:00+00:00,long,1130.445,1136.187,1121.7222,11.40624716,62.072797,0.623882,0.623882,19,ma_exit,10011.51407
2010-03-16T04:00:00+00:00,2010-03-17T14:00:00+00:00,long,1110.324,1122.4317,1104.6427,17.62187188,208.073777,2.078345,2.078345,18,trail,10219.587847
2010-03-29T08:00:00+00:00,2010-03-30T12:00:00+00:00,long,1111.858,1105.863,1103.887,12.82096079,-80.707948,-0.789738,-0.789738,15,ma_exit,10138.879899
2010-04-01T08:00:00+00:00,2010-04-02T02:00:00+00:00,long,1116.184,1118.3412,1109.4567,15.07124686,27.99032,0.276069,0.276069,10,trail,10166.870218
2010-04-05T14:00:00+00:00,2010-04-06T06:00:00+00:00,long,1129.021,1125.0404,1122.3455,15.23012541,-65.194075,-0.64124,-0.64124,9,trail,10101.676143
2010-04-06T16:00:00+00:00,2010-04-08T06:00:00+00:00,long,1136.487,1143.6525,1128.6082,12.82133846,88.024899,0.871389,0.871389,20,trail,10189.701043
2010-04-08T16:00:00+00:00,2010-04-12T12:00:00+00:00,long,1152.26,1159.5656,1144.0478,12.408004,86.925513,0.853072,0.853072,28,trail,10276.626555
2010-04-20T14:00:00+00:00,2010-04-21T10:00:00+00:00,long,1145.01,1139.706,1136.8158,12.54134211,-70.281681,-0.683898,-0.683898,11,ma_exit,10206.344874
2010-04-23T16:00:00+00:00,2010-04-26T12:00:00+00:00,long,1153.088,1152.234,1144.3339,11.6589311,-13.454406,-0.131824,-0.131824,16,ma_exit,10192.890468
2010-04-27T20:00:00+00:00,2010-04-28T06:00:00+00:00,long,1170.264,1162.6173,1162.6173,13.32978993,-105.927842,-1.039233,-1.039233,6,trail,10086.962626
2010-04-28T16:00:00+00:00,2010-04-29T12:00:00+00:00,long,1170.954,1162.2633,1162.2633,11.60661699,-104.351611,-1.03452,-1.03452,11,trail,9982.611015
2010-04-30T14:00:00+00:00,2010-05-03T14:00:00+00:00,long,1179.105,1179.8297,1171.1277,12.5137716,5.314599,0.053239,0.053239,18,trail,9987.925613
2010-05-04T10:00:00+00:00,2010-05-04T14:00:00+00:00,long,1185.938,1179.7983,1179.7983,16.26777467,-104.759589,-1.048862,-1.048862,3,trail,9883.166025
2010-05-06T14:00:00+00:00,2010-05-07T10:00:00+00:00,long,1184.557,1194.616,1173.97,9.33519035,91.102123,0.921791,0.921791,11,trail,9974.268148
2010-05-07T18:00:00+00:00,2010-05-09T22:00:00+00:00,long,1208.333,1199.527,1193.999,6.95846808,-63.36381,-0.635273,-0.635273,8,ma_exit,9910.904337
2010-05-11T12:00:00+00:00,2010-05-13T08:00:00+00:00,long,1217.531,1232.781,1206.4914,8.9775937,134.215026,1.354216,1.354216,23,ma_exit,10045.119363
2010-05-24T16:00:00+00:00,2010-05-25T00:00:00+00:00,long,1192.15,1185.5781,1182.1157,10.01078238,-68.793095,-0.684841,-0.684841,5,trail,9976.326268
2010-05-25T04:00:00+00:00,2010-05-25T06:00:00+00:00,long,1194.394,1186.7058,1186.7058,12.97615341,-103.656109,-1.039021,-1.039021,2,trail,9872.670159
2010-05-26T06:00:00+00:00,2010-05-27T12:00:00+00:00,long,1206.261,1207.4971,1195.3539,9.05159956,8.473202,0.085825,0.085825,16,trail,9881.143361
2010-06-01T02:00:00+00:00,2010-06-02T00:00:00+00:00,long,1219.81,1220.5055,1215.7913,24.58790992,9.724518,0.098415,0.098415,12,trail,9890.86788
2010-06-07T16:00:00+00:00,2010-06-08T18:00:00+00:00,long,1238.242,1238.397,1229.0787,10.79400203,-1.56513,-0.015824,-0.015824,14,trail,9889.302749
2010-06-14T00:00:00+00:00,2010-06-14T12:00:00+00:00,long,1230.77,1224.8654,1223.7403,14.06788732,-87.285614,-0.882627,-0.882627,7,trail,9802.017136
2010-06-15T16:00:00+00:00,2010-06-16T16:00:00+00:00,long,1233.265,1227.584,1224.9784,11.82875623,-70.747791,-0.721768,-0.721768,13,trail,9731.269345
2010-06-17T14:00:00+00:00,2010-06-21T08:00:00+00:00,long,1244.221,1257.3864,1237.4731,14.42118192,185.534274,1.906578,1.906578,27,trail,9916.803618
2010-06-25T12:00:00+00:00,2010-06-28T14:00:00+00:00,long,1251.377,1252.7709,1241.316,9.85667788,10.78222,0.108727,0.108727,19,trail,9927.585838
2010-08-13T02:00:00+00:00,2010-08-18T06:00:00+00:00,long,1214.026,1220.7487,1204.3359,10.2450809,65.801081,0.66281,0.66281,43,trail,9993.386919
2010-08-19T14:00:00+00:00,2010-08-20T12:00:00+00:00,long,1233.666,1227.4873,1227.4873,16.17393128,-104.786049,-1.048554,-1.048554,12,trail,9888.600871
2010-08-25T10:00:00+00:00,2010-08-26T16:00:00+00:00,long,1235.823,1235.2001,1227.7396,12.23321977,-11.290039,-0.114172,-0.114172,16,trail,9877.310832
2010-08-31T14:00:00+00:00,2010-09-01T12:00:00+00:00,long,1245.02,1246.345,1239.4684,17.79182728,18.236623,0.184631,0.184631,12,trail,9895.547455
2010-09-07T14:00:00+00:00,2010-09-08T12:00:00+00:00,long,1256.415,1253.6576,1252.4238,24.79341415,-75.803384,-0.766035,-0.766035,12,trail,9819.744071
2010-09-14T08:00:00+00:00,2010-09-15T14:00:00+00:00,long,1252.926,1265.2765,1247.144,16.98330002,204.657257,2.08414,2.08414,16,trail,10024.401328
2010-09-16T12:00:00+00:00,2010-09-17T12:00:00+00:00,long,1276.029,1274.02,1269.623,15.64845665,-36.132286,-0.360443,-0.360443,13,trail,9988.269041
2010-09-21T20:00:00+00:00,2010-09-23T12:00:00+00:00,long,1287.574,1290.233,1279.7218,12.72034467,30.007293,0.300425,0.300425,21,ma_exit,10018.276334
2010-09-28T16:00:00+00:00,2010-09-30T02:00:00+00:00,long,1305.658,1307.348,1298.7423,14.48627953,20.135929,0.200992,0.200992,18,ma_exit,10038.412263
2010-10-05T08:00:00+00:00,2010-10-07T12:00:00+00:00,long,1326.422,1348.6155,1320.4287,16.74939059,366.702783,3.652996,3.652996,27,trail,10405.115046
2010-10-11T00:00:00+00:00,2010-10-11T12:00:00+00:00,long,1354.38,1342.4081,1342.4081,8.69128129,-106.658535,-1.025059,-1.025059,7,trail,10298.456511
2010-10-13T10:00:00+00:00,2010-10-14T12:00:00+00:00,long,1359.964,1374.2435,1350.7048,11.12240422,155.48565,1.509796,1.509796,14,trail,10453.942161
2010-10-25T02:00:00+00:00,2010-10-25T14:00:00+00:00,long,1338.066,1336.3668,1329.6595,12.43554649,-24.861145,-0.237816,-0.237816,7,trail,10429.081016
2010-10-28T16:00:00+00:00,2010-11-01T14:00:00+00:00,long,1341.72,1354.0586,1331.8357,10.55115791,127.02117,1.217952,1.217952,29,trail,10556.102186
2010-11-03T12:00:00+00:00,2010-11-03T12:00:00+00:00,long,1363.662,1355.5468,1355.5468,13.00781519,-109.463366,-1.036968,-1.036968,1,trail,10446.638819
2010-11-04T14:00:00+00:00,2010-11-08T02:00:00+00:00,long,1375.644,1389.537,1361.0403,7.15341922,97.236427,0.930792,0.930792,22,ma_exit,10543.875247
2010-11-08T18:00:00+00:00,2010-11-09T18:00:00+00:00,long,1404.614,1410.0792,1394.0181,9.95090105,51.398394,0.487472,0.487472,13,trail,10595.273641
2010-11-23T16:00:00+00:00,2010-11-24T20:00:00+00:00,long,1376.896,1372.775,1365.1854,9.04759247,-39.999406,-0.377521,-0.377521,15,ma_exit,10555.274235
2010-11-30T10:00:00+00:00,2010-12-01T14:00:00+00:00,long,1375.788,1384.304,1365.91,10.68563903,87.79321,0.831747,0.831747,15,trail,10643.067445
2010-12-03T16:00:00+00:00,2010-12-07T14:00:00+00:00,long,1406.581,1419.0393,1396.2315,10.28365375,125.031747,1.174772,1.174772,28,trail,10768.099192
2010-12-13T14:00:00+00:00,2010-12-14T12:00:00+00:00,long,1396.771,1397.8077,1387.8933,12.12937945,8.935714,0.082983,0.082983,12,trail,10777.034906
2010-12-28T02:00:00+00:00,2010-12-30T12:00:00+00:00,long,1388.479,1406.9702,1382.699,18.64538911,339.182002,3.147266,3.147266,30,trail,11116.216908
2010-12-31T16:00:00+00:00,2011-01-03T18:00:00+00:00,long,1418.793,1415.361,1412.0876,16.57800714,-61.869123,-0.556566,-0.556566,19,ma_exit,11054.347786
2011-01-13T14:00:00+00:00,2011-01-13T14:00:00+00:00,long,1391.949,1384.7933,1384.7933,15.44831084,-115.177971,-1.041925,-1.041925,1,trail,10939.169815
2011-02-16T08:00:00+00:00,2011-02-16T14:00:00+00:00,long,1375.752,1370.3061,1368.742,15.60509246,-89.665301,-0.819672,-0.819672,4,trail,10849.504514
2011-02-17T20:00:00+00:00,2011-02-22T02:00:00+00:00,long,1384.646,1401.5463,1377.0019,14.19330531,235.613126,2.171649,2.171649,32,trail,11085.11764
2011-02-23T16:00:00+00:00,2011-02-24T18:00:00+00:00,long,1411.291,1407.2851,1402.0827,12.03818038,-51.835201,-0.467611,-0.467611,14,trail,11033.282439
2011-03-01T16:00:00+00:00,2011-03-02T20:00:00+00:00,long,1423.294,1430.3028,1415.023,13.33972003,89.493514,0.811123,0.811123,15,trail,11122.775953
2011-03-07T00:00:00+00:00,2011-03-07T14:00:00+00:00,long,1434.492,1432.6451,1425.3669,12.18920993,-26.169015,-0.235274,-0.235274,8,trail,11096.606938
2011-03-14T00:00:00+00:00,2011-03-15T02:00:00+00:00,long,1426.07,1417.7692,1415.9318,10.94534231,-94.1387,-0.848356,-0.848356,14,trail,11002.468238
2011-03-18T06:00:00+00:00,2011-03-21T20:00:00+00:00,long,1411.92,1425.2026,1400.1644,9.35934213,121.508595,1.104376,1.104376,25,trail,11123.976833
2011-03-23T16:00:00+00:00,2011-03-24T16:00:00+00:00,long,1439.668,1438.4971,1432.4835,15.48329993,-22.774386,-0.204732,-0.204732,13,trail,11101.202447
2011-03-31T12:00:00+00:00,2011-04-01T12:00:00+00:00,long,1432.231,1427.9506,1423.5933,12.8520352,-58.867462,-0.53028,-0.53028,13,trail,11042.334985
2011-04-05T02:00:00+00:00,2011-04-05T10:00:00+00:00,long,1437.357,1433.0902,1432.0146,20.66924039,-94.392287,-0.854822,-0.854822,5,trail,10947.942698
2011-04-05T16:00:00+00:00,2011-04-07T04:00:00+00:00,long,1448.326,1455.583,1441.3574,15.71039046,109.297186,0.998335,0.998335,19,ma_exit,11057.239885
2011-04-08T10:00:00+00:00,2011-04-11T08:00:00+00:00,long,1469.081,1469.386,1460.606,13.04689072,0.065234,0.00059,0.00059,17,trail,11057.305119
2011-04-14T14:00:00+00:00,2011-04-18T10:00:00+00:00,long,1466.417,1481.0497,1458.5115,13.98685108,200.46934,1.813004,1.813004,28,trail,11257.77446
2011-04-18T14:00:00+00:00,2011-04-18T14:00:00+00:00,long,1492.334,1485.454,1485.454,16.36304427,-117.486658,-1.043605,-1.043605,1,trail,11140.287802
2011-04-18T18:00:00+00:00,2011-04-20T16:00:00+00:00,long,1495.745,1495.7779,1486.5939,12.17371442,-3.251599,-0.029188,-0.029188,24,trail,11137.036203
2011-04-21T02:00:00+00:00,2011-04-21T20:00:00+00:00,long,1507.887,1503.379,1499.2017,12.82285724,-61.652298,-0.553579,-0.553579,10,ma_exit,11075.383905
2011-04-25T00:00:00+00:00,2011-04-25T10:00:00+00:00,long,1512.101,1512.7086,1506.8859,21.2371458,6.532546,0.058983,0.058983,6,trail,11081.916451
2011-04-27T18:00:00+00:00,2011-05-01T22:00:00+00:00,long,1522.981,1555.8227,1512.4146,10.48788277,341.293535,3.079734,3.079734,33,trail,11423.209986
2011-05-09T08:00:00+00:00,2011-05-11T10:00:00+00:00,long,1506.681,1514.974,1491.72,7.63532517,61.029154,0.534256,0.534256,26,ma_exit,11484.23914
2011-05-20T08:00:00+00:00,2011-05-20T10:00:00+00:00,long,1503.713,1495.0368,1495.0368,13.23648503,-118.813337,-1.034577,-1.034577,2,trail,11365.425803
2011-05-20T16:00:00+00:00,2011-05-23T00:00:00+00:00,long,1509.769,1511.113,1499.3468,10.90501603,11.384837,0.100171,0.100171,19,ma_exit,11376.81064
2011-05-24T10:00:00+00:00,2011-05-25T20:00:00+00:00,long,1521.942,1523.665,1513.8424,14.04613887,19.987656,0.175688,0.175688,18,ma_exit,11396.798295
2011-05-27T14:00:00+00:00,2011-05-31T02:00:00+00:00,long,1533.043,1535.8391,1524.0629,12.69117081,31.678431,0.277959,0.277959,24,trail,11428.476727
2011-06-01T16:00:00+00:00,2011-06-01T16:00:00+00:00,long,1549.048,1541.9616,1541.9616,16.1273379,-119.122969,-1.042335,-1.042335,1,trail,11309.353758
2011-06-06T06:00:00+00:00,2011-06-06T16:00:00+00:00,long,1546.47,1544.2232,1538.6796,14.51703861,-36.971994,-0.326915,-0.326915,6,trail,11272.381764
2011-06-09T16:00:00+00:00,2011-06-10T12:00:00+00:00,long,1546.661,1537.7185,1537.7185,12.60540315,-116.505439,-1.033548,-1.033548,11,trail,11155.876326
2011-06-15T14:00:00+00:00,2011-06-15T14:00:00+00:00,long,1530.445,1521.8016,1521.8016,12.90681482,-115.430808,-1.034709,-1.034709,1,trail,11040.445518
2011-06-17T14:00:00+00:00,2011-06-20T10:00:00+00:00,long,1537.554,1536.183,1530.265,15.1467218,-25.310172,-0.22925,-0.22925,16,ma_exit,11015.135346
2011-06-20T14:00:00+00:00,2011-06-20T14:00:00+00:00,long,1544.787,1538.1258,1538.1258,16.53626275,-115.112232,-1.045037,-1.045037,1,trail,10900.023114
2011-06-22T14:00:00+00:00,2011-06-22T18:00:00+00:00,long,1553.002,1549.2639,1547.697,20.54669767,-82.96962,-0.761188,-0.761188,3,trail,10817.053494
2011-07-07T00:00:00+00:00,2011-07-07T10:00:00+00:00,long,1527.807,1524.5046,1518.2457,11.31337108,-40.755288,-0.376769,-0.376769,6,trail,10776.298206
2011-07-08T14:00:00+00:00,2011-07-11T14:00:00+00:00,long,1542.673,1547.9703,1535.5371,15.10152637,75.466858,0.700304,0.700304,19,trail,10851.765063
2011-07-11T20:00:00+00:00,2011-07-12T04:00:00+00:00,long,1555.55,1548.6242,1548.6242,15.66860877,-113.218233,-1.043316,-1.043316,5,trail,10738.54683
2011-07-12T18:00:00+00:00,2011-07-14T14:00:00+00:00,long,1562.688,1580.4108,1551.7655,9.83158327,171.293709,1.595129,1.595129,23,trail,10909.840539
2011-07-18T00:00:00+00:00,2011-07-19T10:00:00+00:00,long,1596.325,1600.4805,1589.94,17.08667273,65.877667,0.603837,0.603837,18,trail,10975.718206
2011-07-25T00:00:00+00:00,2011-07-25T16:00:00+00:00,long,1615.505,1610.7169,1606.6825,12.4405987,-63.29901,-0.576719,-0.576719,9,trail,10912.419196
2011-07-27T06:00:00+00:00,2011-07-27T14:00:00+00:00,long,1623.689,1617.4227,1615.4687,13.27496466,-87.1674,-0.798791,-0.798791,5,trail,10825.251795
2011-07-29T14:00:00+00:00,2011-07-29T14:00:00+00:00,long,1629.117,1620.5269,1620.5269,12.60200905,-112.033121,-1.034924,-1.034924,1,trail,10713.218675
2011-08-02T12:00:00+00:00,2011-08-03T18:00:00+00:00,long,1632.295,1656.894,1620.7816,9.30499998,226.102194,2.110497,2.110497,16,trail,10939.320869
2011-08-04T14:00:00+00:00,2011-08-04T14:00:00+00:00,long,1681.355,1667.1716,1667.1716,7.71276342,-111.707038,-1.021151,-1.021151,1,trail,10827.613831
2011-08-08T00:00:00+00:00,2011-08-08T12:00:00+00:00,long,1688.155,1692.9125,1672.4159,6.87943646,30.665088,0.283212,0.283212,7,trail,10858.278919
2011-08-08T16:00:00+00:00,2011-08-09T06:00:00+00:00,long,1705.608,1739.154,1686.2519,5.60974521,186.501589,1.717598,1.717598,8,trail,11044.780508
2011-08-09T10:00:00+00:00,2011-08-09T12:00:00+00:00,long,1766.588,1739.9123,1739.9123,4.14039013,-111.689922,-1.011246,-1.011246,2,trail,10933.090586
2011-08-11T00:00:00+00:00,2011-08-11T12:00:00+00:00,long,1808.241,1764.4232,1764.4232,2.4951254,-110.079443,-1.006847,-1.006847,7,trail,10823.011143
2011-08-15T20:00:00+00:00,2011-08-19T12:00:00+00:00,long,1763.889,1847.3645,1745.1483,5.77513708,480.349914,4.438228,4.438228,45,trail,11303.361057
2011-08-19T16:00:00+00:00,2011-08-22T12:00:00+00:00,long,1849.549,1863.6888,1828.4984,5.36961467,74.314393,0.657454,0.657454,16,trail,11377.67545
2011-08-22T16:00:00+00:00,2011-08-23T06:00:00+00:00,long,1890.287,1889.0198,1868.4368,5.20712646,-8.160609,-0.071725,-0.071725,8,trail,11369.514841
2011-08-26T18:00:00+00:00,2011-08-29T12:00:00+00:00,long,1802.478,1804.1228,1763.4387,2.91232549,3.916495,0.034447,0.034447,16,trail,11373.431337
2011-08-30T20:00:00+00:00,2011-08-31T12:00:00+00:00,long,1838.922,1812.3474,1812.3474,4.2798128,-115.018257,-1.011289,-1.011289,9,trail,11258.41308
2011-09-02T08:00:00+00:00,2011-09-06T06:00:00+00:00,long,1852.388,1903.186,1835.96,6.85318546,346.07216,3.073898,3.073898,30,trail,11604.485239
2011-09-09T08:00:00+00:00,2011-09-09T10:00:00+00:00,long,1874.037,1847.4009,1846.1658,4.16361163,-112.151459,-0.966449,-0.966449,2,trail,11492.33378
2011-09-18T22:00:00+00:00,2011-09-19T12:00:00+00:00,long,1810.478,1807.3557,1792.1972,6.28655955,-21.514493,-0.187207,-0.187207,8,trail,11470.819287
2011-10-27T00:00:00+00:00,2011-10-27T08:00:00+00:00,long,1723.814,1710.52,1701.6158,5.1674547,-70.246379,-0.612392,-0.612392,5,ma_exit,11400.572908
2011-10-27T18:00:00+00:00,2011-10-30T20:00:00+00:00,long,1747.98,1739.183,1727.3329,5.52163399,-50.230304,-0.440595,-0.440595,17,ma_exit,11350.342604
2011-11-02T14:00:00+00:00,2011-11-03T06:00:00+00:00,long,1736.993,1725.742,1718.5505,6.15444902,-71.090041,-0.626325,-0.626325,9,ma_exit,11279.252563
2011-11-03T12:00:00+00:00,2011-11-04T20:00:00+00:00,long,1755.427,1754.306,1737.4967,6.29061006,-8.938957,-0.079251,-0.079251,17,ma_exit,11270.313606
2011-11-07T04:00:00+00:00,2011-11-08T18:00:00+00:00,long,1769.357,1786.2158,1759.3725,11.28780971,186.912583,1.658451,1.658451,20,trail,11457.22619
2011-11-11T18:00:00+00:00,2011-11-14T06:00:00+00:00,long,1786.779,1782.7351,1765.7306,5.44327654,-23.645049,-0.206377,-0.206377,12,trail,11433.581141
2011-11-30T14:00:00+00:00,2011-12-01T16:00:00+00:00,long,1744.481,1735.636,1729.3772,7.57000301,-69.227677,-0.605477,-0.605477,14,ma_exit,11364.353463
2011-12-07T22:00:00+00:00,2011-12-08T14:00:00+00:00,long,1741.394,1729.0754,1725.1038,6.97619026,-88.029754,-0.774613,-0.774613,9,trail,11276.323709
2012-01-17T02:00:00+00:00,2012-01-17T14:00:00+00:00,long,1652.943,1656.1577,1643.1821,11.55254506,33.672203,0.29861,0.29861,7,trail,11309.995912
2012-01-23T06:00:00+00:00,2012-01-24T08:00:00+00:00,long,1670.475,1669.295,1659.3229,10.14158402,-15.009544,-0.13271,-0.13271,14,ma_exit,11294.986367
2012-01-25T18:00:00+00:00,2012-01-30T08:00:00+00:00,long,1690.02,1724.9515,1679.4139,10.64951902,368.808818,3.265244,3.265244,34,trail,11663.795185
2012-01-31T10:00:00+00:00,2012-01-31T16:00:00+00:00,long,1742.51,1733.1893,1732.663,11.84502405,-113.957423,-0.977018,-0.977018,4,trail,11549.837762
2012-02-01T10:00:00+00:00,2012-02-03T12:00:00+00:00,long,1748.153,1749.6918,1736.7924,10.16657374,12.594352,0.109044,0.109044,26,trail,11562.432114
2012-02-07T18:00:00+00:00,2012-02-08T16:00:00+00:00,long,1746.266,1734.7648,1730.8985,7.52395127,-88.791654,-0.767932,-0.767932,12,trail,11473.64046
2012-02-21T06:00:00+00:00,2012-02-24T06:00:00+00:00,long,1739.536,1775.667,1732.7349,16.87027166,604.478704,5.268412,5.268412,37,ma_exit,12078.119164
2012-02-28T16:00:00+00:00,2012-02-29T14:00:00+00:00,long,1784.341,1778.1835,1774.0689,11.75817911,-75.928442,-0.628645,-0.628645,12,trail,12002.190723
2012-06-03T14:00:00+00:00,2012-06-04T14:00:00+00:00,long,1623.918,1614.276,1601.1211,5.26483457,-52.342985,-0.436112,-0.436112,13,ma_exit,11949.847737
2012-06-06T08:00:00+00:00,2012-06-06T18:00:00+00:00,long,1633.766,1626.2519,1622.4258,10.53759875,-82.34185,-0.689062,-0.689062,6,trail,11867.505887
2012-06-13T08:00:00+00:00,2012-06-14T12:00:00+00:00,long,1614.077,1610.2564,1600.7168,8.88273071,-36.60218,-0.308424,-0.308424,15,trail,11830.903707
2012-07-01T16:00:00+00:00,2012-07-02T10:00:00+00:00,long,1597.149,1589.47,1580.6307,7.16230103,-57.148,-0.48304,-0.48304,10,ma_exit,11773.755707
2012-07-03T06:00:00+00:00,2012-07-04T06:00:00+00:00,long,1604.046,1611.6171,1596.3127,15.22474973,110.700678,0.940233,0.940233,13,trail,11884.456384
2012-07-26T00:00:00+00:00,2012-07-30T06:00:00+00:00,long,1602.602,1619.977,1589.8804,9.341951,159.513813,1.342205,1.342205,30,ma_exit,12043.970198
2012-08-06T00:00:00+00:00,2012-08-07T16:00:00+00:00,long,1605.352,1610.095,1596.7174,13.94849813,61.973177,0.514558,0.514558,21,ma_exit,12105.943375
2012-08-13T04:00:00+00:00,2012-08-13T14:00:00+00:00,long,1624.052,1617.6468,1617.6468,18.90018013,-126.729488,-1.046837,-1.046837,6,trail,11979.213887
2012-08-16T16:00:00+00:00,2012-08-19T18:00:00+00:00,long,1615.803,1615.332,1607.3242,14.12843078,-10.89302,-0.090933,-0.090933,19,ma_exit,11968.320867
2012-08-21T08:00:00+00:00,2012-08-27T08:00:00+00:00,long,1626.209,1668.9131,1621.1055,23.45120186,994.427109,8.308827,8.308827,53,trail,12962.747976
2012-08-31T16:00:00+00:00,2012-09-04T10:00:00+00:00,long,1679.893,1690.6109,1671.5208,15.48308446,161.301226,1.244344,1.244344,26,trail,13124.049201
2012-09-06T08:00:00+00:00,2012-09-06T12:00:00+00:00,long,1708.713,1702.299,1701.0843,17.20351987,-115.504432,-0.880098,-0.880098,3,trail,13008.544769
2012-09-07T14:00:00+00:00,2012-09-10T18:00:00+00:00,long,1726.596,1726.4097,1716.0723,12.36118929,-6.011246,-0.04621,-0.04621,17,trail,13002.533523
2012-09-12T10:00:00+00:00,2012-09-12T12:00:00+00:00,long,1743.552,1736.0428,1736.0428,17.31547105,-135.219977,-1.039951,-1.039951,2,trail,12867.313546
2012-09-13T18:00:00+00:00,2012-09-17T06:00:00+00:00,long,1767.683,1769.767,1758.6323,14.21692637,25.362997,0.197112,0.197112,23,ma_exit,12892.676543
2012-09-19T06:00:00+00:00,2012-09-20T02:00:00+00:00,long,1776.352,1764.952,1763.9112,10.36322145,-121.249691,-0.940454,-0.940454,11,ma_exit,12771.426852
2012-09-21T14:00:00+00:00,2012-09-21T14:00:00+00:00,long,1784.626,1774.958,1774.958,13.20999881,-131.677268,-1.03103,-1.03103,1,trail,12639.749584
2012-09-27T16:00:00+00:00,2012-09-28T12:00:00+00:00,long,1774.052,1772.4691,1762.7335,11.16733629,-21.026978,-0.166356,-0.166356,11,trail,12618.722606
2012-10-01T14:00:00+00:00,2012-10-01T14:00:00+00:00,long,1787.421,1778.9941,1778.9941,14.97433529,-130.679527,-1.0356,-1.0356,1,trail,12488.043079
2012-10-04T08:00:00+00:00,2012-10-05T12:00:00+00:00,long,1787.453,1785.3656,1779.5341,15.76992143,-37.64911,-0.301481,-0.301481,15,trail,12450.393969
2012-10-17T02:00:00+00:00,2012-10-17T12:00:00+00:00,long,1752.052,1743.549,1743.1034,13.91323109,-122.478173,-0.983729,-0.983729,6,trail,12327.915796
2012-11-23T16:00:00+00:00,2012-11-26T08:00:00+00:00,long,1745.852,1746.2861,1741.8074,30.47993818,4.08736,0.033155,0.033155,13,trail,12332.003155
2013-01-31T00:00:00+00:00,2013-01-31T12:00:00+00:00,long,1676.752,1671.9659,1668.3317,14.64556269,-74.488796,-0.604028,-0.604028,7,trail,12257.514359
2013-07-23T00:00:00+00:00,2013-07-24T12:00:00+00:00,long,1334.469,1333.7376,1322.2746,10.05175684,-10.367382,-0.08458,-0.08458,19,trail,12247.146977
2013-08-09T00:00:00+00:00,2013-08-13T10:00:00+00:00,long,1312.672,1326.034,1299.5843,9.35775345,122.230976,0.998036,0.998036,30,trail,12369.377953
2013-08-15T00:00:00+00:00,2013-08-15T12:00:00+00:00,long,1342.539,1331.0332,1331.0332,10.75055881,-126.918947,-1.026074,-1.026074,7,trail,12242.459005
2013-08-15T18:00:00+00:00,2013-08-19T12:00:00+00:00,long,1362.083,1368.444,1348.603,9.08194288,55.045656,0.449629,0.449629,22,ma_exit,12297.504661
2013-08-23T16:00:00+00:00,2013-08-28T18:00:00+00:00,long,1396.508,1415.62,1383.8445,9.71098406,182.683032,1.485529,1.485529,38,ma_exit,12480.187693
2013-09-03T16:00:00+00:00,2013-09-04T10:00:00+00:00,long,1406.264,1401.3798,1392.8156,9.2800539,-48.109655,-0.385488,-0.385488,10,trail,12432.078038
2013-09-19T00:00:00+00:00,2013-09-20T06:00:00+00:00,long,1367.837,1356.093,1347.2141,6.02828799,-72.604701,-0.584011,-0.584011,16,ma_exit,12359.473337
2013-10-25T18:00:00+00:00,2013-10-29T06:00:00+00:00,long,1352.542,1344.9968,1342.8982,12.81597849,-100.543914,-0.813497,-0.813497,19,trail,12258.929423
2013-10-30T14:00:00+00:00,2013-10-30T18:00:00+00:00,long,1358.042,1348.1314,1348.1314,12.36951287,-126.300148,-1.030271,-1.030271,3,trail,12132.629275
2014-01-13T00:00:00+00:00,2014-01-14T08:00:00+00:00,long,1248.668,1248.553,1239.1648,12.76688828,-5.298259,-0.04367,-0.04367,17,ma_exit,12127.331016
2014-01-17T14:00:00+00:00,2014-01-21T02:00:00+00:00,long,1248.123,1252.093,1242.359,21.03978316,77.216004,0.636711,0.636711,17,ma_exit,12204.54702
2014-01-23T10:00:00+00:00,2014-01-27T10:00:00+00:00,long,1247.003,1263.6752,1240.9794,20.26121758,331.720706,2.718009,2.718009,25,trail,12536.267727
2014-01-29T14:00:00+00:00,2014-01-29T18:00:00+00:00,long,1266.85,1257.9763,1257.9763,14.12744146,-129.60091,-1.033808,-1.033808,3,trail,12406.666817
2014-02-03T16:00:00+00:00,2014-02-04T08:00:00+00:00,long,1262.842,1254.9028,1254.9028,15.62709948,-128.754798,-1.037787,-1.037787,9,trail,12277.912019
2014-02-05T14:00:00+00:00,2014-02-05T14:00:00+00:00,long,1265.41,1258.8427,1258.8427,18.69552483,-128.387778,-1.045681,-1.045681,1,trail,12149.524241
2014-02-10T08:00:00+00:00,2014-02-11T12:00:00+00:00,long,1271.909,1277.6346,1263.3979,14.27491657,77.449987,0.637473,0.637473,15,trail,12226.974229
2014-02-11T16:00:00+00:00,2014-02-13T04:00:00+00:00,long,1289.842,1288.684,1281.612,14.8565908,-21.660909,-0.177157,-0.177157,19,ma_exit,12205.313319
2014-02-13T18:00:00+00:00,2014-02-18T02:00:00+00:00,long,1298.57,1322.283,1291.1899,16.53814084,387.207491,3.17245,3.17245,28,ma_exit,12592.520811
2014-02-24T10:00:00+00:00,2014-02-26T12:00:00+00:00,long,1333.883,1335.5011,1325.2288,14.55076242,19.17936,0.152308,0.152308,26,trail,12611.700171
2014-03-03T02:00:00+00:00,2014-03-04T06:00:00+00:00,long,1343.182,1341.876,1333.6579,13.2418813,-21.266461,-0.168625,-0.168625,15,trail,12590.433709
2014-03-06T16:00:00+00:00,2014-03-07T12:00:00+00:00,long,1345.3,1342.5141,1338.0751,17.42644702,-53.776273,-0.42712,-0.42712,11,trail,12536.657436
2014-03-11T10:00:00+00:00,2014-03-11T14:00:00+00:00,long,1347.588,1341.607,1339.6474,15.78804805,-99.16473,-0.790998,-0.790998,3,trail,12437.492707
2014-03-12T02:00:00+00:00,2014-03-14T04:00:00+00:00,long,1358.113,1369.566,1349.2832,14.08581475,157.099092,1.263109,1.263109,26,ma_exit,12594.591799
2014-03-14T14:00:00+00:00,2014-03-14T14:00:00+00:00,long,1385.054,1376.396,1376.396,14.54676807,-130.309948,-1.03465,-1.03465,1,trail,12464.28185
2014-03-17T00:00:00+00:00,2014-03-17T10:00:00+00:00,long,1386.581,1377.13,1375.6814,11.43554062,-111.507957,-0.89462,-0.89462,6,ma_exit,12352.773894
2014-06-20T00:00:00+00:00,2014-06-23T08:00:00+00:00,long,1314.566,1312.519,1304.5215,12.29804758,-28.863518,-0.23366,-0.23366,17,ma_exit,12323.910376
2014-06-24T10:00:00+00:00,2014-06-24T14:00:00+00:00,long,1324.106,1318.202,1318.202,20.87383194,-129.501253,-1.050813,-1.050813,3,trail,12194.409123
2014-06-30T18:00:00+00:00,2014-07-02T04:00:00+00:00,long,1327.161,1325.243,1320.236,17.60925505,-39.057328,-0.320289,-0.320289,18,ma_exit,12155.351795
2014-07-08T12:00:00+00:00,2014-07-08T14:00:00+00:00,long,1322.627,1318.4373,1317.7108,24.7250962,-111.008264,-0.913246,-0.913246,2,trail,12044.34353
2014-07-09T12:00:00+00:00,2014-07-11T12:00:00+00:00,long,1326.628,1334.01,1320.8365,20.79658729,147.281431,1.222827,1.222827,25,trail,12191.624962
2014-07-17T06:00:00+00:00,2014-07-17T12:00:00+00:00,long,1307.333,1299.2857,1299.2857,15.14995708,-126.461237,-1.03728,-1.03728,4,trail,12065.163725
2014-07-17T16:00:00+00:00,2014-07-18T04:00:00+00:00,long,1321.83,1314.6311,1314.6311,16.75973235,-125.679557,-1.041673,-1.041673,7,trail,11939.484168
2014-07-28T00:00:00+00:00,2014-07-29T12:00:00+00:00,long,1305.824,1302.8409,1298.0184,15.29604921,-50.218459,-0.420608,-0.420608,19,trail,11889.265709
2014-08-07T00:00:00+00:00,2014-08-08T12:00:00+00:00,long,1306.083,1311.2671,1298.313,15.30150027,74.734057,0.628584,0.628584,19,trail,11963.999766
2014-08-12T14:00:00+00:00,2014-08-12T16:00:00+00:00,long,1315.93,1310.4897,1310.4897,21.99143387,-126.237428,-1.055144,-1.055144,2,trail,11837.762338
2014-12-02T00:00:00+00:00,2014-12-02T22:00:00+00:00,long,1205.83,1197.632,1184.6918,5.6001752,-47.590289,-0.402021,-0.402021,12,ma_exit,11790.17205
2014-12-09T08:00:00+00:00,2014-12-11T04:00:00+00:00,long,1206.561,1223.291,1197.5141,13.03227851,214.120336,1.816092,1.816092,23,ma_exit,12004.292386
2014-12-29T00:00:00+00:00,2014-12-29T14:00:00+00:00,long,1193.807,1187.9398,1185.6433,14.70447516,-90.685439,-0.755442,-0.755442,8,trail,11913.606946
2014-12-31T02:00:00+00:00,2014-12-31T14:00:00+00:00,long,1203.231,1192.3251,1192.3251,10.92400164,-122.41327,-1.027508,-1.027508,7,trail,11791.193676
2015-01-06T08:00:00+00:00,2015-01-07T20:00:00+00:00,long,1208.643,1210.962,1197.1777,10.28424348,20.763888,0.176097,0.176097,19,ma_exit,11811.957564
2015-01-11T22:00:00+00:00,2015-01-12T08:00:00+00:00,long,1223.029,1220.2471,1214.1044,13.23527952,-40.789808,-0.345326,-0.345326,6,trail,11771.167756
2015-01-12T20:00:00+00:00,2015-01-13T18:00:00+00:00,long,1233.39,1228.993,1223.116,11.4572394,-53.814653,-0.457173,-0.457173,12,trail,11717.353103
2015-01-15T12:00:00+00:00,2015-01-21T14:00:00+00:00,long,1256.019,1290.0959,1243.7264,9.53203806,321.962696,2.747743,2.747743,49,trail,12039.315799
2015-01-30T20:00:00+00:00,2015-02-02T12:00:00+00:00,long,1282.299,1271.488,1268.4219,8.67567128,-96.395384,-0.800672,-0.800672,9,ma_exit,11942.920415
2015-04-13T00:00:00+00:00,2015-04-13T08:00:00+00:00,long,1207.919,1200.4245,1200.204,15.48013016,-120.659874,-1.010305,-1.010305,5,trail,11822.260541
2015-04-16T00:00:00+00:00,2015-04-16T14:00:00+00:00,long,1204.759,1200.4811,1195.841,13.25662765,-60.687516,-0.513333,-0.513333,8,trail,11761.573025
2015-04-28T00:00:00+00:00,2015-04-29T08:00:00+00:00,long,1199.816,1206.1406,1191.3888,13.95667959,84.083412,0.714899,0.714899,17,trail,11845.656437
2015-05-13T12:00:00+00:00,2015-05-15T08:00:00+00:00,long,1196.842,1216.1574,1190.536,18.78473904,357.199327,3.015446,3.015446,23,trail,12202.855764
2015-05-18T06:00:00+00:00,2015-05-18T12:00:00+00:00,long,1229.27,1222.72,1221.8504,16.44678387,-112.66047,-0.92323,-0.92323,4,trail,12090.195294
2015-06-19T00:00:00+00:00,2015-06-19T20:00:00+00:00,long,1200.459,1199.798,1192.3065,14.83004636,-14.251675,-0.117878,-0.117878,11,ma_exit,12075.943619
2015-08-21T00:00:00+00:00,2015-08-21T06:00:00+00:00,long,1155.649,1155.2195,1146.5908,13.33150474,-9.725333,-0.080535,-0.080535,4,trail,12066.218287
2015-08-21T16:00:00+00:00,2015-08-24T04:00:00+00:00,long,1160.458,1156.63,1149.8824,11.40948815,-47.098367,-0.390332,-0.390332,7,ma_exit,12019.11992
2015-09-01T08:00:00+00:00,2015-09-02T00:00:00+00:00,long,1143.251,1135.7468,1135.6134,15.73677585,-122.812946,-1.021813,-1.021813,9,trail,11896.306974
2015-09-17T00:00:00+00:00,2015-09-17T12:00:00+00:00,long,1119.851,1115.5023,1113.6639,19.2275977,-89.383333,-0.751354,-0.751354,7,trail,11806.92364
2015-09-17T20:00:00+00:00,2015-09-21T10:00:00+00:00,long,1131.452,1132.6345,1125.2279,18.96968821,16.74075,0.141788,0.141788,20,trail,11823.66439
2015-09-24T04:00:00+00:00,2015-09-25T02:00:00+00:00,long,1135.122,1147.3411,1128.3933,17.57198923,209.442297,1.771382,1.771382,12,trail,12033.106687
2015-10-05T00:00:00+00:00,2015-10-06T02:00:00+00:00,long,1136.8,1135.961,1128.0977,13.82750156,-15.749524,-0.130885,-0.130885,14,ma_exit,12017.357163
2015-10-06T14:00:00+00:00,2015-10-07T12:00:00+00:00,long,1147.481,1145.1882,1140.9606,18.43039869,-47.786338,-0.397644,-0.397644,12,trail,11969.570825
2015-10-09T08:00:00+00:00,2015-10-12T14:00:00+00:00,long,1152.539,1160.5853,1144.6067,15.08965978,116.889032,0.976552,0.976552,16,trail,12086.459856
2015-10-14T02:00:00+00:00,2015-10-14T08:00:00+00:00,long,1173.479,1166.6283,1165.3578,14.88260338,-106.421032,-0.880498,-0.880498,4,trail,11980.038824
2015-10-14T16:00:00+00:00,2015-10-15T12:00:00+00:00,long,1177.04,1177.4912,1166.9847,11.91415356,1.80142,0.015037,0.015037,11,trail,11981.840244
2015-10-23T08:00:00+00:00,2015-10-23T12:00:00+00:00,long,1172.749,1172.3729,1167.2069,21.61967529,-14.617062,-0.121993,-0.121993,3,trail,11967.223182
2015-10-28T06:00:00+00:00,2015-10-28T16:00:00+00:00,long,1170.821,1175.0587,1166.063,25.15179315,99.040216,0.827596,0.827596,6,trail,12066.263398
2016-01-07T00:00:00+00:00,2016-01-08T06:00:00+00:00,long,1092.559,1099.7613,1084.2377,14.50045473,100.086489,0.829474,0.829474,16,trail,12166.349887
2016-01-15T14:00:00+00:00,2016-01-18T22:00:00+00:00,long,1093.838,1088.49,1085.8495,15.22983024,-86.018081,-0.707016,-0.707016,16,ma_exit,12080.331805
2016-01-20T14:00:00+00:00,2016-01-21T10:00:00+00:00,long,1099.542,1097.0388,1092.5814,17.35530242,-48.650384,-0.402724,-0.402724,11,trail,12031.681422
2016-01-25T14:00:00+00:00,2016-01-26T14:00:00+00:00,long,1106.508,1109.9584,1100.176,19.00139201,59.861985,0.497536,0.497536,13,trail,12091.543407
2016-01-26T18:00:00+00:00,2016-01-27T14:00:00+00:00,long,1118.63,1116.42,1111.2039,16.28249472,-40.869062,-0.337997,-0.337997,11,ma_exit,12050.674345
2016-01-27T20:00:00+00:00,2016-01-28T00:00:00+00:00,long,1127.568,1120.2678,1120.2678,16.50732082,-125.45894,-1.041095,-1.041095,3,trail,11925.215406
2016-02-01T16:00:00+00:00,2016-02-03T06:00:00+00:00,long,1125.901,1124.419,1118.8308,16.86687138,-30.056765,-0.252044,-0.252044,20,ma_exit,11895.158641
2016-02-03T16:00:00+00:00,2016-02-05T12:00:00+00:00,long,1137.618,1151.2992,1131.4714,19.35242027,258.958606,2.177008,2.177008,23,trail,12154.117247
2016-02-05T20:00:00+00:00,2016-02-09T22:00:00+00:00,long,1162.401,1189.181,1152.8888,12.77739876,338.345519,2.783793,2.783793,26,ma_exit,12492.462766
2016-02-11T02:00:00+00:00,2016-02-14T22:00:00+00:00,long,1207.951,1230.7223,1196.13,10.56802535,237.477268,1.900964,1.900964,23,trail,12729.940034
2016-02-18T18:00:00+00:00,2016-02-19T06:00:00+00:00,long,1227.058,1220.8886,1214.8963,10.46723734,-67.716745,-0.531949,-0.531949,7,trail,12662.223289
2016-02-19T12:00:00+00:00,2016-02-22T00:00:00+00:00,long,1230.149,1222.901,1218.5424,10.9095026,-82.344926,-0.65032,-0.65032,7,ma_exit,12579.878363
2016-02-24T00:00:00+00:00,2016-02-24T18:00:00+00:00,long,1230.3,1233.5588,1217.5881,9.89614327,29.280709,0.232758,0.232758,10,trail,12609.159072
2016-03-01T02:00:00+00:00,2016-03-01T14:00:00+00:00,long,1246.429,1233.9494,1232.6597,9.15744379,-117.028469,-0.928123,-0.928123,7,trail,12492.130603
2016-03-03T16:00:00+00:00,2016-03-04T12:00:00+00:00,long,1253.869,1261.3917,1244.9933,14.07453001,101.656108,0.813761,0.813761,11,trail,12593.786711
2016-03-04T16:00:00+00:00,2016-03-07T02:00:00+00:00,long,1268.849,1259.809,1256.4451,10.1530863,-94.829826,-0.752989,-0.752989,6,ma_exit,12498.956885
2016-03-10T16:00:00+00:00,2016-03-11T14:00:00+00:00,long,1267.131,1261.6652,1254.4487,9.85543386,-56.824461,-0.454634,-0.454634,12,trail,12442.132425
2016-03-16T20:00:00+00:00,2016-03-17T18:00:00+00:00,long,1260.908,1258.5236,1252.4125,14.64555638,-39.314532,-0.315979,-0.315979,12,trail,12402.817893
2016-03-22T08:00:00+00:00,2016-03-22T08:00:00+00:00,long,1258.18,1249.467,1249.467,14.23484207,-128.298632,-1.034431,-1.034431,1,trail,12274.519261
2016-03-29T16:00:00+00:00,2016-03-30T10:00:00+00:00,long,1226.889,1233.5394,1218.9555,15.47175807,98.251852,0.800454,0.800454,10,trail,12372.771114
2016-04-05T08:00:00+00:00,2016-04-06T06:00:00+00:00,long,1228.839,1226.438,1219.7181,13.56529631,-36.639865,-0.296133,-0.296133,12,ma_exit,12336.131249
2016-04-07T10:00:00+00:00,2016-04-08T08:00:00+00:00,long,1236.798,1233.232,1228.0064,14.03172488,-54.246648,-0.439738,-0.439738,12,ma_exit,12281.8846
2016-04-11T02:00:00+00:00,2016-04-12T14:00:00+00:00,long,1249.929,1252.18,1240.1055,12.50255469,24.392484,0.198605,0.198605,19,trail,12306.277084
2016-04-20T02:00:00+00:00,2016-04-20T18:00:00+00:00,long,1254.452,1244.9615,1244.9615,12.96694282,-126.952854,-1.031611,-1.031611,9,trail,12179.324231
2016-04-27T16:00:00+00:00,2016-04-27T18:00:00+00:00,long,1249.419,1241.7813,1241.7813,15.94632446,-126.57714,-1.039279,-1.039279,2,trail,12052.747091
2016-04-28T08:00:00+00:00,2016-05-02T18:00:00+00:00,long,1255.421,1288.3966,1246.6235,13.70019561,447.662112,3.714192,3.714192,30,trail,12500.409203
2016-05-06T14:00:00+00:00,2016-05-09T04:00:00+00:00,long,1289.325,1280.3859,1280.303,13.85547462,-128.012116,-1.024063,-1.024063,8,trail,12372.397087
2016-05-11T12:00:00+00:00,2016-05-11T16:00:00+00:00,long,1277.842,1270.2185,1270.2185,16.22928719,-128.592757,-1.039352,-1.039352,3,trail,12243.80433
2016-05-11T20:00:00+00:00,2016-05-12T06:00:00+00:00,long,1277.729,1272.039,1269.199,14.35381516,-85.979353,-0.702227,-0.702227,6,ma_exit,12157.824977
2016-05-16T10:00:00+00:00,2016-05-16T14:00:00+00:00,long,1281.789,1276.3143,1272.4259,12.98482872,-74.98349,-0.616751,-0.616751,3,trail,12082.841487
2016-06-09T00:00:00+00:00,2016-06-09T10:00:00+00:00,long,1264.799,1257.3925,1257.3925,16.31383445,-125.722565,-1.040505,-1.040505,6,trail,11957.118922
2016-06-09T14:00:00+00:00,2016-06-14T06:00:00+00:00,long,1264.222,1278.262,1257.0779,16.73705424,229.967125,1.923265,1.923265,33,ma_exit,12187.086047
2016-06-15T20:00:00+00:00,2016-06-16T16:00:00+00:00,long,1294.51,1300.03,1286.3077,14.85813253,77.559452,0.636407,0.636407,11,trail,12264.645499
2016-06-27T00:00:00+00:00,2016-06-27T14:00:00+00:00,long,1332.609,1319.529,1302.703,4.10106517,-54.872252,-0.447402,-0.447402,8,ma_exit,12209.773247
2016-07-01T04:00:00+00:00,2016-07-05T00:00:00+00:00,long,1330.41,1338.7789,1319.8022,11.51018425,92.874526,0.760657,0.760657,21,trail,12302.647773
2016-07-06T00:00:00+00:00,2016-07-06T18:00:00+00:00,long,1362.56,1360.0702,1351.2103,10.83962375,-30.240382,-0.245804,-0.245804,10,trail,12272.40739
2016-07-21T20:00:00+00:00,2016-07-22T06:00:00+00:00,long,1333.218,1322.999,1322.999,12.0094015,-126.326894,-1.029357,-1.029357,6,trail,12146.080496
2016-07-27T14:00:00+00:00,2016-07-28T14:00:00+00:00,long,1327.851,1334.5654,1320.5915,16.73129072,107.321191,0.883587,0.883587,13,trail,12253.401687
2016-07-29T16:00:00+00:00,2016-08-02T00:00:00+00:00,long,1349.362,1348.158,1338.9449,11.76277629,-17.691216,-0.144378,-0.144378,17,ma_exit,12235.710472
2016-08-02T08:00:00+00:00,2016-08-03T12:00:00+00:00,long,1358.521,1359.0187,1350.9261,16.11042999,3.185032,0.026031,0.026031,15,trail,12238.895504
2016-08-10T02:00:00+00:00,2016-08-10T14:00:00+00:00,long,1347.819,1346.0675,1341.6625,19.8796321,-40.783065,-0.333225,-0.333225,7,trail,12198.112438
2016-08-12T14:00:00+00:00,2016-08-12T16:00:00+00:00,long,1352.111,1343.8971,1343.8971,14.85057334,-126.436296,-1.036523,-1.036523,2,trail,12071.676142
2016-08-16T08:00:00+00:00,2016-08-16T12:00:00+00:00,long,1349.379,1346.6783,1340.9754,14.36488665,-43.104715,-0.357073,-0.357073,3,trail,12028.571427
2016-09-07T00:00:00+00:00,2016-09-07T14:00:00+00:00,long,1349.02,1344.8146,1342.51,18.47706824,-83.246583,-0.692074,-0.692074,8,trail,11945.324843
2016-09-22T00:00:00+00:00,2016-09-26T00:00:00+00:00,long,1333.229,1335.828,1324.9253,14.38554481,33.072368,0.276865,0.276865,25,ma_exit,11978.397211
2017-01-12T04:00:00+00:00,2017-01-12T18:00:00+00:00,long,1197.701,1196.6251,1188.404,12.88415318,-17.727306,-0.147994,-0.147994,8,trail,11960.669904
2017-01-17T06:00:00+00:00,2017-01-18T16:00:00+00:00,long,1211.818,1212.669,1204.5006,16.34551877,9.006381,0.0753,0.0753,18,ma_exit,11969.676285
2017-01-20T20:00:00+00:00,2017-01-24T06:00:00+00:00,long,1212.669,1213.091,1203.8103,13.51177519,1.648437,0.013772,0.013772,18,ma_exit,11971.324722
2017-01-30T16:00:00+00:00,2017-02-01T12:00:00+00:00,long,1198.178,1205.741,1191.9136,19.11008991,138.796583,1.159409,1.159409,23,ma_exit,12110.121305
2017-02-02T12:00:00+00:00,2017-02-02T16:00:00+00:00,long,1221.878,1215.1387,1213.6703,14.7545857,-103.861955,-0.857646,-0.857646,3,trail,12006.25935
2017-02-06T12:00:00+00:00,2017-02-08T06:00:00+00:00,long,1225.948,1231.712,1218.6479,16.44670532,89.864798,0.748483,0.748483,22,ma_exit,12096.124148
2017-02-08T16:00:00+00:00,2017-02-09T14:00:00+00:00,long,1241.701,1235.9044,1235.1232,18.3893158,-112.112303,-0.926845,-0.926845,12,trail,11984.011845
2017-02-16T10:00:00+00:00,2017-02-17T18:00:00+00:00,long,1237.378,1236.452,1229.8297,15.8764382,-19.464513,-0.162421,-0.162421,17,trail,11964.547332
2017-02-23T14:00:00+00:00,2017-02-24T14:00:00+00:00,long,1248.468,1254.2244,1242.8685,21.36717088,116.587831,0.974444,0.974444,13,trail,12081.135163
2017-02-24T18:00:00+00:00,2017-02-27T18:00:00+00:00,long,1256.398,1255.168,1250.1821,19.4358583,-29.736863,-0.246143,-0.246143,13,ma_exit,12051.3983
2017-03-16T00:00:00+00:00,2017-03-21T00:00:00+00:00,long,1220.401,1230.1327,1212.0826,14.48763981,136.643072,1.133836,1.133836,37,trail,12188.041372
2017-03-21T14:00:00+00:00,2017-03-23T02:00:00+00:00,long,1239.182,1244.5633,1234.4344,25.67200559,130.447162,1.070288,1.070288,19,trail,12318.488534
2017-03-27T00:00:00+00:00,2017-03-28T04:00:00+00:00,long,1252.892,1253.529,1245.8279,17.43815707,5.876659,0.047706,0.047706,15,ma_exit,12324.365193
2017-04-03T16:00:00+00:00,2017-04-04T12:00:00+00:00,long,1252.791,1255.3041,1247.7492,24.44437541,54.097847,0.43895,0.43895,11,trail,12378.46304
2017-04-07T02:00:00+00:00,2017-04-07T16:00:00+00:00,long,1264.418,1258.9958,1257.3535,17.52206531,-100.264762,-0.809994,-0.809994,8,trail,12278.198278
2017-04-11T14:00:00+00:00,2017-04-17T06:00:00+00:00,long,1265.218,1286.7345,1259.5664,21.72517212,460.932114,3.75407,3.75407,33,trail,12739.130392
2017-05-18T00:00:00+00:00,2017-05-18T14:00:00+00:00,long,1260.258,1253.5054,1252.8903,17.29051182,-121.943064,-0.957232,-0.957232,8,trail,12617.187329
2017-05-22T14:00:00+00:00,2017-05-23T14:00:00+00:00,long,1259.271,1257.124,1253.0963,20.43368476,-50.001227,-0.396295,-0.396295,13,trail,12567.186102
2017-05-26T10:00:00+00:00,2017-05-30T06:00:00+00:00,long,1265.742,1264.4913,1259.8043,21.16507419,-32.820681,-0.261162,-0.261162,21,trail,12534.365422
2017-05-31T18:00:00+00:00,2017-06-01T04:00:00+00:00,long,1271.691,1266.0429,1266.0429,22.19218042,-132.001308,-1.053115,-1.053115,6,trail,12402.364113
2017-06-02T14:00:00+00:00,2017-06-07T10:00:00+00:00,long,1274.882,1288.5562,1269.2901,22.17915934,296.628513,2.391709,2.391709,35,trail,12698.992626
2017-06-14T14:00:00+00:00,2017-06-14T18:00:00+00:00,long,1275.288,1270.0793,1270.0793,24.38034947,-134.304031,-1.057596,-1.057596,3,trail,12564.688595
2017-07-24T00:00:00+00:00,2017-07-24T22:00:00+00:00,long,1256.142,1253.621,1250.6581,22.9119579,-64.634633,-0.514415,-0.514415,12,ma_exit,12500.053962
2017-07-26T20:00:00+00:00,2017-07-27T14:00:00+00:00,long,1261.051,1256.94,1255.112,21.04740522,-92.840104,-0.742718,-0.742718,10,trail,12407.213857
2017-07-28T16:00:00+00:00,2017-08-01T08:00:00+00:00,long,1269.018,1267.408,1262.5747,19.25599283,-36.778946,-0.296432,-0.296432,21,ma_exit,12370.434911
2017-08-08T12:00:00+00:00,2017-08-08T14:00:00+00:00,long,1263.872,1260.1977,1260.1977,33.66746023,-133.804587,-1.081648,-1.081648,2,trail,12236.630324
2017-08-09T08:00:00+00:00,2017-08-11T12:00:00+00:00,long,1268.002,1282.2613,1261.7498,19.57171927,273.207501,2.232702,2.232702,27,trail,12509.837825
2017-08-11T20:00:00+00:00,2017-08-14T04:00:00+00:00,long,1291.221,1286.029,1285.0253,20.19116133,-110.889858,-0.886421,-0.886421,5,ma_exit,12398.947967
2017-08-16T20:00:00+00:00,2017-08-17T14:00:00+00:00,long,1281.641,1282.3606,1275.734,20.99026234,8.807514,0.071034,0.071034,10,trail,12407.755481
2017-08-17T20:00:00+00:00,2017-08-18T14:00:00+00:00,long,1288.538,1290.1057,1281.1738,16.84874865,21.359159,0.172144,0.172144,10,trail,12429.114639
2017-08-28T08:00:00+00:00,2017-08-29T16:00:00+00:00,long,1296.168,1315.4471,1289.0622,17.49150643,331.97305,2.670931,2.670931,17,trail,12761.087689
2017-08-31T16:00:00+00:00,2017-09-05T06:00:00+00:00,long,1317.728,1331.748,1310.2474,17.0589093,234.048236,1.834077,1.834077,30,ma_exit,12995.135925
2017-09-07T16:00:00+00:00,2017-09-08T12:00:00+00:00,long,1346.981,1347.1096,1339.9272,18.42288685,-3.157683,-0.024299,-0.024299,11,trail,12991.978242
2017-09-15T00:00:00+00:00,2017-09-15T06:00:00+00:00,long,1333.911,1325.7995,1325.7995,16.0167395,-134.724804,-1.036985,-1.036985,4,trail,12857.253438
2017-09-20T10:00:00+00:00,2017-09-20T18:00:00+00:00,long,1314.978,1309.5146,1309.5146,23.5334287,-135.632563,-1.054911,-1.054911,5,trail,12721.620875
2017-09-25T16:00:00+00:00,2017-09-26T06:00:00+00:00,long,1304.898,1305.2416,1298.6345,20.31072224,0.885547,0.006961,0.006961,8,trail,12722.506422
2017-10-16T00:00:00+00:00,2017-10-16T16:00:00+00:00,long,1304.178,1300.4285,1298.0339,20.70686744,-83.85246,-0.659088,-0.659088,9,trail,12638.653962
2017-11-20T00:00:00+00:00,2017-11-20T14:00:00+00:00,long,1293.522,1287.5757,1287.5757,21.25465241,-132.762935,-1.050452,-1.050452,8,trail,12505.891027
2017-11-23T00:00:00+00:00,2017-11-24T08:00:00+00:00,long,1290.881,1289.611,1284.8431,20.7123189,-32.518341,-0.260024,-0.260024,15,ma_exit,12473.372686
2017-11-27T14:00:00+00:00,2017-11-27T14:00:00+00:00,long,1298.318,1293.8262,1293.8262,27.76920764,-133.064489,-1.066788,-1.066788,1,trail,12340.308197
2017-12-26T00:00:00+00:00,2017-12-28T12:00:00+00:00,long,1273.471,1288.8332,1269.4713,30.85308447,464.715329,3.765832,3.765832,31,trail,12805.023526
2017-12-28T16:00:00+00:00,2018-01-03T02:00:00+00:00,long,1293.868,1313.6356,1289.6074,30.05450764,585.089133,4.569216,4.569216,30,trail,13390.112659
2018-01-04T20:00:00+00:00,2018-01-05T10:00:00+00:00,long,1324.348,1316.4361,1316.4361,16.92401656,-138.978332,-1.037918,-1.037918,8,trail,13251.134328
2018-01-10T12:00:00+00:00,2018-01-10T14:00:00+00:00,long,1323.761,1318.1364,1318.1364,23.55924746,-139.579118,-1.053337,-1.053337,2,trail,13111.55521
2018-01-12T06:00:00+00:00,2018-01-12T12:00:00+00:00,long,1328.262,1325.3405,1321.8114,20.32610177,-65.480537,-0.499411,-0.499411,4,trail,13046.074673
2018-01-12T16:00:00+00:00,2018-01-16T06:00:00+00:00,long,1331.252,1339.281,1324.8381,20.34031506,157.210295,1.205039,1.205039,19,ma_exit,13203.284968
2018-01-23T20:00:00+00:00,2018-01-25T08:00:00+00:00,long,1340.541,1357.509,1334.8191,23.07500126,384.614121,2.913018,2.913018,19,trail,13587.899089
2018-01-25T12:00:00+00:00,2018-01-25T18:00:00+00:00,long,1359.241,1354.5022,1351.9338,18.59521991,-93.697594,-0.689566,-0.689566,4,trail,13494.201495
2018-02-14T00:00:00+00:00,2018-02-14T12:00:00+00:00,long,1331.872,1329.0563,1325.2151,20.27099926,-63.158352,-0.468041,-0.468041,7,trail,13431.043143
2018-02-14T16:00:00+00:00,2018-02-16T14:00:00+00:00,long,1348.308,1352.2329,1340.6063,17.43906299,63.214859,0.470662,0.470662,24,trail,13494.258002
2018-02-26T04:00:00+00:00,2018-02-26T14:00:00+00:00,long,1336.812,1334.016,1330.3069,20.74412077,-64.223798,-0.475934,-0.475934,6,trail,13430.034204
2018-03-07T00:00:00+00:00,2018-03-07T04:00:00+00:00,long,1339.058,1332.3899,1332.3899,20.14072105,-140.342558,-1.04499,-1.04499,3,trail,13289.691646
2018-03-22T00:00:00+00:00,2018-03-27T08:00:00+00:00,long,1332.008,1348.662,1323.6308,15.86412124,259.441839,1.952204,1.952204,41,ma_exit,13549.133485
2018-04-03T00:00:00+00:00,2018-04-03T12:00:00+00:00,long,1341.561,1334.958,1334.958,20.51966301,-141.647234,-1.045434,-1.045434,7,trail,13407.486251
2018-04-04T12:00:00+00:00,2018-04-04T14:00:00+00:00,long,1346.751,1339.8867,1339.8867,19.53219739,-139.934522,-1.043704,-1.043704,2,trail,13267.551729
2018-04-11T08:00:00+00:00,2018-04-11T18:00:00+00:00,long,1344.838,1352.7723,1338.3981,20.60210831,157.282675,1.185469,1.185469,6,trail,13424.834405
2018-04-18T14:00:00+00:00,2018-04-19T08:00:00+00:00,long,1352.018,1346.4703,1345.5578,20.78083404,-121.520083,-0.905189,-0.905189,10,trail,13303.314322
2018-10-03T00:00:00+00:00,2018-10-03T14:00:00+00:00,long,1205.528,1200.1902,1198.7058,19.50003565,-109.937301,-0.82639,-0.82639,8,trail,13193.377021
2018-10-12T00:00:00+00:00,2018-10-16T16:00:00+00:00,long,1221.259,1226.009,1212.3401,14.79260561,65.827095,0.49894,0.49894,33,ma_exit,13259.204116
2018-10-23T08:00:00+00:00,2018-10-23T14:00:00+00:00,long,1232.041,1231.4921,1227.9494,32.40591484,-27.509381,-0.207474,-0.207474,4,trail,13231.694734
2018-10-23T18:00:00+00:00,2018-10-24T10:00:00+00:00,long,1233.282,1228.0,1227.2205,21.82907652,-121.849905,-0.920894,-0.920894,9,ma_exit,13109.844829
2018-10-26T16:00:00+00:00,2018-10-26T16:00:00+00:00,long,1240.033,1233.8568,1233.8568,21.22639298,-137.466366,-1.048574,-1.048574,1,trail,12972.378463
2018-11-01T08:00:00+00:00,2018-11-05T02:00:00+00:00,long,1224.293,1232.018,1218.509,22.42804022,166.528199,1.283714,1.283714,22,ma_exit,13138.906662
2018-11-15T00:00:00+00:00,2018-11-20T02:00:00+00:00,long,1210.905,1221.758,1203.4414,17.6039802,185.774803,1.413929,1.413929,38,ma_exit,13324.681465
2018-11-29T04:00:00+00:00,2018-11-30T08:00:00+00:00,long,1223.438,1222.775,1216.9086,20.40720658,-19.65214,-0.147487,-0.147487,15,ma_exit,13305.029325
2018-12-03T08:00:00+00:00,2018-12-05T02:00:00+00:00,long,1231.558,1234.7589,1226.9109,28.63082207,83.055152,0.624239,0.624239,22,trail,13388.084477
2018-12-07T16:00:00+00:00,2018-12-10T16:00:00+00:00,long,1245.098,1243.2712,1239.0629,22.18369949,-47.180292,-0.352405,-0.352405,13,trail,13340.904185
2018-12-17T18:00:00+00:00,2018-12-19T08:00:00+00:00,long,1246.708,1248.038,1241.9098,27.80397688,28.638096,0.214664,0.214664,20,ma_exit,13369.542281
2018-12-19T16:00:00+00:00,2018-12-19T18:00:00+00:00,long,1254.315,1250.3922,1250.3922,34.08163118,-143.919912,-1.076476,-1.076476,2,trail,13225.622369
2018-12-20T10:00:00+00:00,2018-12-21T16:00:00+00:00,long,1256.878,1257.005,1250.7463,21.56925872,-3.731482,-0.028214,-0.028214,16,ma_exit,13221.890887
2018-12-24T18:00:00+00:00,2018-12-26T16:00:00+00:00,long,1268.125,1271.3677,1261.8623,21.11212558,62.126652,0.469877,0.469877,11,trail,13284.017539
2018-12-28T08:00:00+00:00,2018-12-31T02:00:00+00:00,long,1281.0,1277.478,1273.2485,17.13735089,-65.498955,-0.493066,-0.493066,10,ma_exit,13218.518584
2019-01-02T06:00:00+00:00,2019-01-02T18:00:00+00:00,long,1286.158,1281.6172,1280.9229,25.24979195,-122.229193,-0.924681,-0.924681,7,trail,13096.289391
2019-01-04T00:00:00+00:00,2019-01-04T08:00:00+00:00,long,1295.135,1289.5752,1287.7369,17.70223353,-103.731548,-0.792068,-0.792068,5,trail,12992.557843
2019-01-09T16:00:00+00:00,2019-01-10T12:00:00+00:00,long,1289.995,1290.636,1284.4973,23.63271521,8.058756,0.062026,0.062026,11,trail,13000.616599
2019-01-25T14:00:00+00:00,2019-01-30T14:00:00+00:00,long,1288.545,1310.0009,1283.9701,28.41726945,601.192911,4.624342,4.624342,37,trail,13601.809509
2019-01-30T20:00:00+00:00,2019-01-31T18:00:00+00:00,long,1319.865,1319.0277,1314.7527,26.6060472,-30.259057,-0.222463,-0.222463,12,trail,13571.550452
2019-02-08T14:00:00+00:00,2019-02-11T04:00:00+00:00,long,1314.728,1310.805,1310.0902,29.2629058,-123.577251,-0.910561,-0.910561,8,ma_exit,13447.973201
2019-02-15T12:00:00+00:00,2019-02-20T18:00:00+00:00,long,1318.335,1339.0266,1312.5271,23.1546225,472.1598,3.511011,3.511011,38,trail,13920.133001
2019-03-14T00:00:00+00:00,2019-03-14T02:00:00+00:00,long,1309.345,1304.2941,1304.2941,27.55970817,-147.469242,-1.059395,-1.059395,2,trail,13772.663758
2019-03-20T20:00:00+00:00,2019-03-21T14:00:00+00:00,long,1314.298,1312.1109,1308.6782,24.50739129,-60.952333,-0.44256,-0.44256,10,trail,13711.711425
2019-03-25T12:00:00+00:00,2019-03-26T06:00:00+00:00,long,1317.805,1316.9659,1312.6199,26.44444934,-30.122872,-0.219687,-0.219687,10,trail,13681.588553
2019-05-14T00:00:00+00:00,2019-05-14T14:00:00+00:00,long,1301.685,1295.615,1295.615,22.5396846,-143.577791,-1.049423,-1.049423,8,trail,13538.010762
2019-05-31T00:00:00+00:00,2019-06-04T12:00:00+00:00,long,1290.448,1321.0539,1284.8149,24.03296722,728.340701,5.379968,5.379968,31,trail,14266.351463
2019-06-05T08:00:00+00:00,2019-06-05T14:00:00+00:00,long,1333.348,1329.9592,1325.875,19.09052785,-70.421139,-0.493617,-0.493617,4,trail,14195.930324
2019-06-07T14:00:00+00:00,2019-06-09T22:00:00+00:00,long,1340.628,1334.2797,1334.2797,22.36178241,-148.667838,-1.047257,-1.047257,5,trail,14047.262486
2019-06-12T04:00:00+00:00,2019-06-12T12:00:00+00:00,long,1332.378,1331.7661,1326.9135,25.70640038,-23.441667,-0.166877,-0.166877,5,trail,14023.82082
2019-06-12T16:00:00+00:00,2019-06-14T12:00:00+00:00,long,1335.338,1347.9409,1329.3335,23.35551806,287.340603,2.048947,2.048947,23,trail,14311.161423
2019-06-18T12:00:00+00:00,2019-06-18T12:00:00+00:00,long,1350.735,1343.718,1343.718,20.39498564,-149.23011,-1.042753,-1.042753,1,trail,14161.931313
2019-06-19T20:00:00+00:00,2019-06-21T06:00:00+00:00,long,1355.095,1389.9991,1346.9532,17.39410365,601.907302,4.250178,4.250178,18,trail,14763.838615
2019-06-24T00:00:00+00:00,2019-06-25T04:00:00+00:00,long,1406.868,1423.4697,1392.4067,10.20920568,166.427408,1.127264,1.127264,15,trail,14930.266024
2019-06-25T08:00:00+00:00,2019-06-25T16:00:00+00:00,long,1431.988,1418.1297,1418.1297,10.77351914,-152.534716,-1.021648,-1.021648,5,trail,14777.731308
2019-06-28T02:00:00+00:00,2019-06-28T06:00:00+00:00,long,1422.265,1412.0958,1412.0958,14.53185237,-152.136869,-1.029501,-1.029501,3,trail,14625.594439
2019-07-02T16:00:00+00:00,2019-07-03T10:00:00+00:00,long,1403.568,1418.7842,1391.8651,12.49741042,186.413873,1.274573,1.274573,10,trail,14812.008312
2019-07-10T14:00:00+00:00,2019-07-11T12:00:00+00:00,long,1406.715,1413.7462,1398.6039,18.26140513,122.92117,0.829875,0.829875,12,trail,14934.929482
2019-07-17T16:00:00+00:00,2019-07-18T12:00:00+00:00,long,1423.598,1416.2223,1414.6012,16.60026841,-127.41868,-0.853159,-0.853159,11,trail,14807.510802
2019-07-18T16:00:00+00:00,2019-07-19T12:00:00+00:00,long,1428.678,1434.0427,1419.4114,15.97944316,80.931086,0.546554,0.546554,11,trail,14888.441888
2019-07-25T12:00:00+00:00,2019-07-25T12:00:00+00:00,long,1431.478,1424.6894,1424.6894,21.93153506,-155.463879,-1.044192,-1.044192,1,trail,14732.978008
2019-07-30T10:00:00+00:00,2019-07-31T12:00:00+00:00,long,1428.288,1428.165,1421.8365,22.83651555,-9.659846,-0.065566,-0.065566,14,ma_exit,14723.318162
2019-08-01T18:00:00+00:00,2019-08-02T00:00:00+00:00,long,1438.408,1431.6631,1427.5164,13.51804892,-95.233303,-0.64682,-0.64682,4,trail,14628.084859
2019-08-02T08:00:00+00:00,2019-08-06T04:00:00+00:00,long,1439.098,1459.7093,1423.0241,9.10052001,184.843392,1.26362,1.26362,23,trail,14812.928252
2019-08-07T02:00:00+00:00,2019-08-08T00:00:00+00:00,long,1484.388,1492.9244,1470.4084,10.59610307,87.273743,0.589173,0.589173,12,trail,14900.201995
2019-08-13T02:00:00+00:00,2019-08-13T12:00:00+00:00,long,1517.698,1520.0526,1505.8059,12.52949605,25.743103,0.17277,0.17277,6,trail,14925.945098
2019-08-23T16:00:00+00:00,2019-08-26T06:00:00+00:00,long,1527.945,1534.1008,1520.0619,18.934106,110.874338,0.74283,0.74283,8,trail,15036.819435
2019-08-26T10:00:00+00:00,2019-08-27T00:00:00+00:00,long,1531.855,1528.248,1517.8088,10.70525796,-41.825443,-0.278154,-0.278154,8,ma_exit,14994.993993
2019-08-28T12:00:00+00:00,2019-08-28T12:00:00+00:00,long,1545.368,1536.2526,1536.2526,16.45017662,-154.884993,-1.032911,-1.032911,1,trail,14840.109
2019-09-03T14:00:00+00:00,2019-09-04T06:00:00+00:00,long,1536.825,1539.1465,1527.271,15.53287524,31.399707,0.211587,0.211587,9,trail,14871.508707
2019-09-04T18:00:00+00:00,2019-09-05T00:00:00+00:00,long,1555.515,1543.948,1543.948,12.85684162,-152.57214,-1.025936,-1.025936,4,trail,14718.936567
2019-09-12T08:00:00+00:00,2019-09-12T14:00:00+00:00,long,1502.865,1505.0699,1493.0075,14.93171348,28.443421,0.193244,0.193244,4,trail,14747.379988
2019-09-20T18:00:00+00:00,2019-09-24T12:00:00+00:00,long,1510.028,1517.615,1501.7957,17.91404588,130.539652,0.885172,0.885172,22,ma_exit,14877.919641
2019-09-24T18:00:00+00:00,2019-09-25T14:00:00+00:00,long,1531.355,1522.6595,1522.3763,16.57023805,-149.057576,-1.001871,-1.001871,11,trail,14728.862064
2019-10-03T00:00:00+00:00,2019-10-04T12:00:00+00:00,long,1499.975,1500.1669,1486.2558,10.73594821,-1.160556,-0.007879,-0.007879,19,trail,14727.701508
2019-11-01T00:00:00+00:00,2019-11-01T12:00:00+00:00,long,1512.318,1504.6787,1503.5541,16.80496298,-133.419643,-0.905909,-0.905909,7,trail,14594.281866
2019-12-23T08:00:00+00:00,2019-12-23T12:00:00+00:00,long,1483.525,1481.1157,1479.6857,38.01287179,-102.988274,-0.705676,-0.705676,3,trail,14491.293592
2019-12-23T20:00:00+00:00,2019-12-30T10:00:00+00:00,long,1485.558,1510.865,1481.2667,33.76900611,844.461536,5.827372,5.827372,43,ma_exit,15335.755128
2019-12-31T02:00:00+00:00,2019-12-31T14:00:00+00:00,long,1521.225,1518.9012,1516.1795,30.39491652,-79.750182,-0.520028,-0.520028,7,trail,15256.004946
2020-01-02T14:00:00+00:00,2020-01-06T14:00:00+00:00,long,1528.008,1563.8452,1521.8604,24.81619648,881.898137,5.780662,5.780662,25,trail,16137.903083
2020-01-08T00:00:00+00:00,2020-01-08T08:00:00+00:00,long,1594.935,1582.5114,1582.5114,12.98971561,-165.275946,-1.024148,-1.024148,5,trail,15972.627138
2020-01-15T14:00:00+00:00,2020-01-16T14:00:00+00:00,long,1554.598,1548.7756,1546.5117,19.75270165,-120.933941,-0.757132,-0.757132,13,trail,15851.693197
2020-01-21T02:00:00+00:00,2020-01-21T06:00:00+00:00,long,1566.435,1560.9361,1560.9361,28.82702576,-167.16504,-1.054556,-1.054556,3,trail,15684.528158
2020-01-23T18:00:00+00:00,2020-01-24T08:00:00+00:00,long,1567.208,1558.9592,1558.9592,19.014315,-162.549576,-1.036369,-1.036369,8,trail,15521.978582
2020-01-24T16:00:00+00:00,2020-01-28T06:00:00+00:00,long,1569.978,1577.065,1561.3718,18.03580974,122.409041,0.788618,0.788618,20,ma_exit,15644.387622
2020-01-30T08:00:00+00:00,2020-01-30T14:00:00+00:00,long,1581.555,1573.038,1573.038,18.36842506,-161.954404,-1.035224,-1.035224,4,trail,15482.433219
2020-01-30T18:00:00+00:00,2020-01-30T20:00:00+00:00,long,1584.775,1575.9157,1575.9157,17.47591031,-160.067105,-1.033863,-1.033863,2,trail,15322.366113
2020-01-31T16:00:00+00:00,2020-02-03T02:00:00+00:00,long,1588.168,1580.238,1578.9256,16.57834125,-136.439748,-0.890461,-0.890461,6,ma_exit,15185.926365
2020-02-13T10:00:00+00:00,2020-02-24T18:00:00+00:00,long,1575.208,1666.2199,1568.2252,21.74761752,1972.767706,12.990763,12.990763,87,trail,17158.694071
2020-03-03T16:00:00+00:00,2020-03-05T04:00:00+00:00,long,1633.865,1638.455,1614.1345,8.69653282,37.308126,0.21743,0.21743,19,ma_exit,17196.002197
2020-03-05T16:00:00+00:00,2020-03-06T12:00:00+00:00,long,1659.928,1670.964,1645.3024,11.75746786,126.228175,0.734055,0.734055,11,trail,17322.230372
2020-03-06T20:00:00+00:00,2020-03-09T04:00:00+00:00,long,1686.658,1672.1808,1665.3765,8.1395721,-120.280085,-0.694368,-0.694368,5,trail,17201.950287
2020-03-25T00:00:00+00:00,2020-03-25T22:00:00+00:00,long,1630.105,1610.148,1590.5259,4.34622068,-88.041392,-0.511811,-0.511811,12,ma_exit,17113.908894
2020-04-03T12:00:00+00:00,2020-04-07T06:00:00+00:00,long,1619.208,1645.9347,1601.9528,9.9181168,262.103097,1.531521,1.531521,22,trail,17376.011992
2020-04-09T14:00:00+00:00,2020-04-15T06:00:00+00:00,long,1682.448,1716.1483,1667.817,11.87616157,396.667359,2.282845,2.282845,33,trail,17772.679351
2020-04-22T18:00:00+00:00,2020-04-24T14:00:00+00:00,long,1713.168,1714.3436,1689.1755,7.40759794,6.486093,0.036495,0.036495,23,trail,17779.165444
2020-05-07T16:00:00+00:00,2020-05-08T12:00:00+00:00,long,1708.648,1707.9619,1695.3901,13.41024253,-13.22384,-0.074378,-0.074378,11,trail,17765.941603
2020-05-13T20:00:00+00:00,2020-05-18T12:00:00+00:00,long,1717.288,1749.1804,1704.7499,14.16956445,447.650548,2.519712,2.519712,33,trail,18213.592151
2020-05-28T10:00:00+00:00,2020-05-28T16:00:00+00:00,long,1724.148,1712.2652,1712.2652,15.32769394,-186.73423,-1.025247,-1.025247,4,trail,18026.857922
2020-05-29T16:00:00+00:00,2020-06-01T10:00:00+00:00,long,1735.038,1730.3652,1723.3835,15.46772313,-76.917894,-0.426685,-0.426685,10,trail,17949.940028
2020-06-10T02:00:00+00:00,2020-06-10T18:00:00+00:00,long,1716.628,1712.0166,1704.1801,14.42005481,-70.822657,-0.394557,-0.394557,9,trail,17879.117371
2020-06-10T22:00:00+00:00,2020-06-11T10:00:00+00:00,long,1737.388,1721.9068,1721.9068,11.54892216,-182.25585,-1.019378,-1.019378,7,trail,17696.861521
2020-06-19T16:00:00+00:00,2020-06-22T06:00:00+00:00,long,1742.065,1746.9521,1731.0466,16.06118994,73.674284,0.416313,0.416313,8,trail,17770.535805
2020-06-22T10:00:00+00:00,2020-06-24T12:00:00+00:00,long,1748.955,1766.9516,1738.0614,16.31282203,288.681486,1.624495,1.624495,26,trail,18059.217291
2020-06-30T16:00:00+00:00,2020-07-01T10:00:00+00:00,long,1782.828,1778.5515,1773.3859,19.12627201,-87.531384,-0.484691,-0.484691,10,trail,17971.685907
2020-07-06T14:00:00+00:00,2020-07-07T08:00:00+00:00,long,1784.198,1778.1259,1777.2339,25.80618588,-164.439597,-0.914993,-0.914993,10,trail,17807.24631
2020-07-07T16:00:00+00:00,2020-07-09T14:00:00+00:00,long,1795.078,1803.9057,1785.3369,18.28052921,155.890869,0.875435,0.875435,24,trail,17963.137179
2020-07-20T12:00:00+00:00,2020-07-22T08:00:00+00:00,long,1815.128,1849.5521,1808.7346,28.09637623,958.763552,5.337395,5.337395,23,trail,18921.900731
2020-07-22T12:00:00+00:00,2020-07-28T02:00:00+00:00,long,1859.635,1950.5668,1847.259,15.28918934,1385.686751,7.32319,7.32319,44,trail,20307.587482
2020-08-04T16:00:00+00:00,2020-08-05T00:00:00+00:00,long,1995.065,2013.3813,1980.4212,13.86770338,249.844704,1.230302,1.230302,5,trail,20557.432187
2020-08-05T04:00:00+00:00,2020-08-07T04:00:00+00:00,long,2013.055,2047.5921,1994.1913,10.89787909,373.111776,1.814973,1.814973,25,trail,20930.543963
2020-08-17T14:00:00+00:00,2020-08-18T14:00:00+00:00,long,1972.655,1988.1663,1952.6113,10.44245522,158.843319,0.758907,0.758907,13,trail,21089.387282
2020-08-18T18:00:00+00:00,2020-08-19T02:00:00+00:00,long,2005.718,1993.935,1984.573,9.97369935,-120.512209,-0.571435,-0.571435,5,ma_exit,20968.875073
2020-08-26T18:00:00+00:00,2020-08-27T12:00:00+00:00,long,1946.298,1934.4152,1926.9588,10.84267967,-132.094198,-0.629954,-0.629954,10,trail,20836.780875
2020-08-28T16:00:00+00:00,2020-09-01T14:00:00+00:00,long,1968.285,1975.0172,1943.8433,8.52509477,54.835115,0.263165,0.263165,24,trail,20891.615989
2020-09-09T14:00:00+00:00,2020-09-10T18:00:00+00:00,long,1947.265,1946.7372,1929.8288,11.98174831,-9.918491,-0.047476,-0.047476,15,trail,20881.697498
2020-09-14T14:00:00+00:00,2020-09-15T12:00:00+00:00,long,1958.248,1955.9809,1945.7998,16.77487307,-43.062777,-0.206223,-0.206223,12,trail,20838.634721
2020-11-06T00:00:00+00:00,2020-11-09T10:00:00+00:00,long,1946.068,1944.0586,1926.9037,10.87367382,-25.111662,-0.120505,-0.120505,18,trail,20813.523059
2020-12-21T02:00:00+00:00,2020-12-21T08:00:00+00:00,long,1896.578,1889.8354,1883.5234,15.94343991,-112.28327,-0.539473,-0.539473,4,trail,20701.239789
2020-12-28T00:00:00+00:00,2020-12-28T06:00:00+00:00,long,1888.088,1885.22,1876.5743,17.97965883,-56.959559,-0.27515,-0.27515,4,trail,20644.28023
2020-12-30T22:00:00+00:00,2020-12-31T04:00:00+00:00,long,1894.138,1886.1755,1883.3075,19.06124392,-157.493528,-0.762892,-0.762892,4,trail,20486.786702
2020-12-31T14:00:00+00:00,2021-01-06T02:00:00+00:00,long,1898.015,1942.045,1887.5736,19.62072778,858.014426,4.188136,4.188136,31,ma_exit,21344.801128
2021-01-21T00:00:00+00:00,2021-01-21T12:00:00+00:00,long,1869.865,1860.7769,1855.6327,14.9974362,-140.797431,-0.659633,-0.659633,7,trail,21204.003697
2021-04-16T00:00:00+00:00,2021-04-19T12:00:00+00:00,long,1763.855,1777.3066,1752.4921,18.66073247,245.418489,1.157416,1.157416,19,trail,21449.422186
2021-04-21T14:00:00+00:00,2021-04-22T10:00:00+00:00,long,1795.718,1784.8803,1784.8078,19.65997157,-218.966865,-1.020852,-1.020852,11,trail,21230.455321
2021-04-29T02:00:00+00:00,2021-04-29T06:00:00+00:00,long,1788.845,1778.7478,1778.7478,21.02608181,-218.612378,-1.029711,-1.029711,3,trail,21011.842943
2021-05-03T12:00:00+00:00,2021-05-04T10:00:00+00:00,long,1780.858,1782.2746,1771.232,21.82821831,24.373389,0.115998,0.115998,12,trail,21036.216332
2021-05-04T14:00:00+00:00,2021-05-04T14:00:00+00:00,long,1794.808,1785.0488,1785.0488,21.55526716,-216.828743,-1.03074,-1.03074,1,trail,20819.387588
2021-05-06T10:00:00+00:00,2021-05-11T02:00:00+00:00,long,1793.365,1834.668,1784.0403,22.32713931,915.479693,4.397246,4.397246,33,ma_exit,21734.867281
2021-05-14T12:00:00+00:00,2021-05-19T06:00:00+00:00,long,1834.878,1867.768,1822.7004,17.84823552,581.673995,2.676225,2.676225,34,ma_exit,22316.541277
2021-05-19T14:00:00+00:00,2021-05-19T14:00:00+00:00,long,1888.835,1878.1399,1878.1399,20.86613615,-229.425254,-1.02805,-1.02805,1,trail,22087.116023
2021-05-25T18:00:00+00:00,2021-05-26T16:00:00+00:00,long,1897.898,1897.7509,1885.9727,18.52122464,-8.28084,-0.037492,-0.037492,12,trail,22078.835183
2021-05-31T02:00:00+00:00,2021-06-01T08:00:00+00:00,long,1907.748,1905.398,1896.4222,19.49428313,-51.65985,-0.233979,-0.233979,14,ma_exit,22027.175333
2021-06-07T16:00:00+00:00,2021-06-08T12:00:00+00:00,long,1894.025,1891.5739,1881.6843,17.84921061,-49.104963,-0.222929,-0.222929,11,trail,21978.07037
2021-08-24T00:00:00+00:00,2021-08-24T22:00:00+00:00,long,1804.668,1801.708,1794.0851,20.76753099,-67.702151,-0.308044,-0.308044,12,ma_exit,21910.368219
2021-08-27T06:00:00+00:00,2021-08-27T10:00:00+00:00,long,1801.818,1793.1482,1792.5642,23.67715773,-212.379369,-0.96931,-0.96931,3,trail,21697.988849
2021-08-27T16:00:00+00:00,2021-08-30T16:00:00+00:00,long,1812.855,1809.828,1802.9955,22.00718987,-73.217921,-0.337441,-0.337441,13,ma_exit,21624.770929
2021-09-03T14:00:00+00:00,2021-09-06T12:00:00+00:00,long,1824.777,1821.9578,1818.4137,33.98357916,-106.00158,-0.490186,-0.490186,12,trail,21518.769349
2021-10-14T00:00:00+00:00,2021-10-15T04:00:00+00:00,long,1791.608,1792.448,1779.1122,17.22080167,9.299233,0.043215,0.043215,15,ma_exit,21528.068582
2021-10-22T14:00:00+00:00,2021-10-22T14:00:00+00:00,long,1807.928,1798.0271,1798.0271,21.74354713,-221.80375,-1.0303,-1.0303,1,trail,21306.264832
2021-10-25T14:00:00+00:00,2021-10-26T06:00:00+00:00,long,1807.704,1800.508,1794.5176,16.15775711,-121.118547,-0.568464,-0.568464,9,ma_exit,21185.146284
2021-11-05T02:00:00+00:00,2021-11-05T12:00:00+00:00,long,1795.484,1785.4209,1782.5559,16.38689853,-169.819068,-0.801595,-0.801595,6,trail,21015.327216
2021-11-05T16:00:00+00:00,2021-11-09T06:00:00+00:00,long,1809.834,1819.993,1798.191,18.04975283,177.952513,0.846775,0.846775,20,ma_exit,21193.279729
2021-11-10T14:00:00+00:00,2021-11-12T02:00:00+00:00,long,1849.598,1855.084,1840.1049,22.32493045,115.777089,0.546292,0.546292,19,ma_exit,21309.056819
2021-12-17T00:00:00+00:00,2021-12-17T20:00:00+00:00,long,1798.668,1799.5256,1787.5656,19.1931986,10.702128,0.050223,0.050223,11,trail,21319.758946
2021-12-23T00:00:00+00:00,2021-12-23T14:00:00+00:00,long,1803.558,1800.618,1795.3477,25.96708883,-84.133368,-0.394626,-0.394626,8,trail,21235.625578
2021-12-23T18:00:00+00:00,2021-12-27T08:00:00+00:00,long,1808.285,1806.344,1800.7794,28.29304197,-63.404707,-0.298577,-0.298577,8,ma_exit,21172.220871
2021-12-28T12:00:00+00:00,2021-12-28T14:00:00+00:00,long,1817.714,1810.9918,1810.9918,31.49596988,-221.171,-1.044628,-1.044628,2,trail,20951.049872
2021-12-30T18:00:00+00:00,2022-01-03T12:00:00+00:00,long,1813.415,1820.0541,1804.4934,23.48351178,148.86433,0.710534,0.710534,22,trail,21099.914201
2022-01-05T10:00:00+00:00,2022-01-05T18:00:00+00:00,long,1817.638,1816.1994,1809.5649,26.13607437,-45.440179,-0.215357,-0.215357,5,trail,21054.474022
2022-01-12T00:00:00+00:00,2022-01-13T12:00:00+00:00,long,1820.588,1821.838,1810.723,21.34259911,20.275469,0.0963,0.0963,19,ma_exit,21074.749491
2022-01-19T16:00:00+00:00,2022-01-21T00:00:00+00:00,long,1838.168,1836.6567,1827.4865,19.73014042,-35.737203,-0.169574,-0.169574,17,trail,21039.012288
2022-01-25T20:00:00+00:00,2022-01-26T06:00:00+00:00,long,1851.618,1843.814,1841.0126,19.83801864,-160.767303,-0.764139,-0.764139,6,ma_exit,20878.244985
2022-02-07T18:00:00+00:00,2022-02-10T12:00:00+00:00,long,1819.884,1828.8911,1809.346,19.81234104,172.508035,0.826257,0.826257,34,trail,21050.75302
2022-02-11T20:00:00+00:00,2022-02-15T08:00:00+00:00,long,1858.938,1863.1238,1847.7332,18.78726351,73.003549,0.346798,0.346798,19,trail,21123.756568
2022-02-17T04:00:00+00:00,2022-02-21T04:00:00+00:00,long,1874.858,1889.9615,1864.2311,19.87762806,294.258467,1.393021,1.393021,25,trail,21418.015035
2022-02-22T00:00:00+00:00,2022-02-22T08:00:00+00:00,long,1909.418,1896.5253,1896.3563,16.39757079,-216.328232,-1.010029,-1.010029,5,trail,21201.686803
2022-02-24T04:00:00+00:00,2022-02-24T14:00:00+00:00,long,1929.138,1945.7145,1916.907,17.33438542,282.143124,1.330758,1.330758,6,trail,21483.829927
2022-03-01T18:00:00+00:00,2022-03-02T10:00:00+00:00,long,1934.728,1926.8457,1915.715,11.29954764,-92.456289,-0.430353,-0.430353,9,trail,21391.373639
2022-03-04T16:00:00+00:00,2022-03-07T06:00:00+00:00,long,1957.888,1977.9158,1942.2198,13.65273206,269.338367,1.259098,1.259098,8,trail,21660.712006
2022-03-07T10:00:00+00:00,2022-03-07T12:00:00+00:00,long,1997.902,1977.2601,1977.2601,10.49356503,-219.75519,-1.014534,-1.014534,2,trail,21440.956817
2022-03-07T20:00:00+00:00,2022-03-09T08:00:00+00:00,long,1995.807,2017.5722,1970.1993,8.37285536,179.725015,0.838232,0.838232,19,trail,21620.681831
2022-03-17T10:00:00+00:00,2022-03-18T02:00:00+00:00,long,1941.578,1929.3841,1923.1687,11.74443451,-146.73379,-0.678673,-0.678673,9,trail,21473.948041
2022-03-23T20:00:00+00:00,2022-03-24T12:00:00+00:00,long,1946.653,1942.5581,1932.6555,15.34127383,-67.423364,-0.313977,-0.313977,9,trail,21406.524677
2022-03-24T16:00:00+00:00,2022-03-25T12:00:00+00:00,long,1962.877,1948.4585,1947.704,14.10830072,-207.653024,-0.970045,-0.970045,11,trail,21198.871653
2022-03-30T16:00:00+00:00,2022-03-31T04:00:00+00:00,long,1936.983,1922.3289,1922.3289,14.46617101,-216.328568,-1.020472,-1.020472,7,trail,20982.543085
2022-03-31T16:00:00+00:00,2022-04-01T06:00:00+00:00,long,1944.259,1930.2155,1930.0189,14.73482847,-211.349012,-1.007261,-1.007261,8,trail,20771.194073
2022-04-05T14:00:00+00:00,2022-04-05T14:00:00+00:00,long,1942.113,1930.3478,1930.3478,17.65477346,-213.008373,-1.025499,-1.025499,1,trail,20558.1857
2022-04-08T14:00:00+00:00,2022-04-11T14:00:00+00:00,long,1939.432,1948.8148,1930.0117,21.82328132,198.2165,0.964173,0.964173,13,trail,20756.402199
2022-04-12T16:00:00+00:00,2022-04-14T04:00:00+00:00,long,1970.538,1972.278,1954.9245,13.2938817,19.14319,0.092228,0.092228,19,ma_exit,20775.545389
2022-04-18T08:00:00+00:00,2022-04-18T16:00:00+00:00,long,1991.338,1978.3433,1977.1387,14.63138703,-194.519901,-0.936293,-0.936293,5,trail,20581.025488
2022-08-05T00:00:00+00:00,2022-08-05T12:00:00+00:00,long,1793.264,1780.7297,1780.7297,16.41976456,-210.736184,-1.023934,-1.023934,7,trail,20370.289304
2022-08-09T10:00:00+00:00,2022-08-10T04:00:00+00:00,long,1790.848,1788.234,1781.7908,22.4907138,-65.53794,-0.321733,-0.321733,10,ma_exit,20304.751364
2022-10-05T00:00:00+00:00,2022-10-05T08:00:00+00:00,long,1725.434,1708.7207,1708.7207,12.14885831,-206.692171,-1.01795,-1.01795,5,trail,20098.059193
2022-11-07T00:00:00+00:00,2022-11-08T00:00:00+00:00,long,1672.698,1673.358,1657.0678,12.85847858,4.629052,0.023032,0.023032,13,ma_exit,20102.688245
2022-11-08T16:00:00+00:00,2022-11-09T18:00:00+00:00,long,1712.907,1702.806,1702.806,19.90168126,-206.997387,-1.0297,-1.0297,14,trail,19895.690858
2022-11-10T14:00:00+00:00,2022-11-14T04:00:00+00:00,long,1732.927,1758.308,1721.7419,17.78767365,446.132643,2.242358,2.242358,20,ma_exit,20341.823501
2022-11-15T08:00:00+00:00,2022-11-15T14:00:00+00:00,long,1782.768,1770.4197,1770.4197,16.47337974,-208.360249,-1.024295,-1.024295,4,trail,20133.463252
2022-11-24T02:00:00+00:00,2022-11-25T06:00:00+00:00,long,1755.357,1751.468,1743.8352,17.47423428,-73.199567,-0.363572,-0.363572,14,ma_exit,20060.263685
2022-11-30T10:00:00+00:00,2022-11-30T14:00:00+00:00,long,1761.817,1752.5976,1752.5976,21.75875185,-207.130262,-1.03254,-1.03254,3,trail,19853.133422
2022-11-30T20:00:00+00:00,2022-12-02T12:00:00+00:00,long,1767.647,1788.2861,1756.3155,17.52030483,356.347232,1.794917,1.794917,21,trail,20209.480654
2022-12-07T20:00:00+00:00,2022-12-09T12:00:00+00:00,long,1789.698,1790.8678,1778.5775,18.17317625,15.807029,0.078216,0.078216,21,trail,20225.287683
2022-12-13T14:00:00+00:00,2022-12-14T18:00:00+00:00,long,1810.858,1801.7406,1801.7406,22.18317468,-208.907829,-1.032904,-1.032904,15,trail,20016.379854
2022-12-19T02:00:00+00:00,2022-12-19T14:00:00+00:00,long,1793.975,1785.9349,1782.2513,17.07343232,-142.394133,-0.711388,-0.711388,7,trail,19873.985721
2022-12-20T10:00:00+00:00,2022-12-22T10:00:00+00:00,long,1807.095,1815.785,1797.4474,20.59992715,172.833389,0.869646,0.869646,25,ma_exit,20046.81911
2022-12-27T10:00:00+00:00,2022-12-27T16:00:00+00:00,long,1808.518,1812.8757,1799.1534,21.40702124,86.86327,0.433302,0.433302,4,trail,20133.68238
2022-12-29T18:00:00+00:00,2023-01-03T08:00:00+00:00,long,1818.817,1835.1035,1807.7233,18.14875324,290.135044,1.441043,1.441043,20,trail,20423.817423
2023-01-03T14:00:00+00:00,2023-01-05T06:00:00+00:00,long,1838.825,1849.265,1825.5173,15.34736838,155.622315,0.761965,0.761965,21,ma_exit,20579.439739
2023-01-06T16:00:00+00:00,2023-01-10T06:00:00+00:00,long,1862.225,1871.925,1848.7385,15.25928872,143.437314,0.696993,0.696993,20,ma_exit,20722.877053
2023-01-12T14:00:00+00:00,2023-01-12T14:00:00+00:00,long,1899.525,1889.5582,1889.5582,20.79190618,-213.466342,-1.0301,-1.0301,1,trail,20509.41071
2023-01-12T18:00:00+00:00,2023-01-17T00:00:00+00:00,long,1897.625,1912.965,1883.026,14.04850381,211.289497,1.030208,1.030208,26,ma_exit,20720.700208
2023-01-19T20:00:00+00:00,2023-01-23T04:00:00+00:00,long,1929.615,1926.145,1914.9244,14.10473378,-53.174846,-0.256627,-0.256627,17,ma_exit,20667.525361
2023-01-24T08:00:00+00:00,2023-01-24T14:00:00+00:00,long,1940.295,1927.8549,1927.8549,16.61363282,-211.659343,-1.024116,-1.024116,4,trail,20455.866018
2023-02-01T20:00:00+00:00,2023-02-02T12:00:00+00:00,long,1942.895,1943.3678,1930.2671,16.19894521,2.799178,0.013684,0.013684,9,trail,20458.665196
2023-03-14T00:00:00+00:00,2023-03-14T22:00:00+00:00,long,1912.005,1902.958,1888.3627,8.65341578,-80.883477,-0.395351,-0.395351,12,ma_exit,20377.781718
2023-03-15T12:00:00+00:00,2023-03-15T18:00:00+00:00,long,1917.905,1910.4671,1904.6109,15.32844022,-118.609938,-0.582055,-0.582055,4,trail,20259.171781
2023-03-17T14:00:00+00:00,2023-03-20T00:00:00+00:00,long,1950.594,1968.8053,1936.1475,14.0235848,251.180634,1.239837,1.239837,6,trail,20510.352415
2023-03-20T04:00:00+00:00,2023-03-20T10:00:00+00:00,long,1973.208,1982.1111,1953.1073,10.20380007,87.784312,0.428,0.428,4,trail,20598.136727
2023-03-22T20:00:00+00:00,2023-03-24T16:00:00+00:00,long,1972.608,1980.9366,1958.1267,14.22395553,114.198449,0.554412,0.554412,23,trail,20712.335177
2023-03-30T18:00:00+00:00,2023-03-31T16:00:00+00:00,long,1979.795,1969.953,1966.8818,16.0396611,-162.674243,-0.785398,-0.785398,12,trail,20549.660934
2023-04-03T16:00:00+00:00,2023-04-05T14:00:00+00:00,long,1987.804,2012.6503,1972.5736,13.49252871,331.191658,1.611665,1.611665,24,trail,20880.852592
2023-04-12T02:00:00+00:00,2023-04-12T10:00:00+00:00,long,2014.635,2007.5362,2003.6604,19.02652725,-140.77347,-0.674175,-0.674175,5,trail,20740.079122
2023-04-13T08:00:00+00:00,2023-04-14T12:00:00+00:00,long,2024.395,2031.5663,2011.7594,16.41400418,112.785547,0.543805,0.543805,15,trail,20852.864669
2023-05-01T14:00:00+00:00,2023-05-01T14:00:00+00:00,long,1996.965,1986.1051,1986.1051,19.20170966,-214.28916,-1.027625,-1.027625,1,trail,20638.575509
2023-05-02T16:00:00+00:00,2023-05-04T06:00:00+00:00,long,2014.305,2032.225,2002.2872,17.17333914,302.594236,1.466159,1.466159,20,trail,20941.169745
2023-05-04T16:00:00+00:00,2023-05-05T06:00:00+00:00,long,2050.845,2040.465,2031.0297,10.56818203,-112.868184,-0.538977,-0.538977,8,ma_exit,20828.301561
2023-05-09T18:00:00+00:00,2023-05-10T12:00:00+00:00,long,2035.554,2026.1135,2025.4521,20.61820208,-200.831597,-0.964225,-0.964225,10,trail,20627.469963
2023-07-18T14:00:00+00:00,2023-07-20T12:00:00+00:00,long,1971.205,1974.6265,1961.8082,21.95158986,68.521888,0.332188,0.332188,24,trail,20695.991851
2023-07-26T08:00:00+00:00,2023-07-27T12:00:00+00:00,long,1970.445,1969.3623,1961.3601,22.78064905,-31.498803,-0.152198,-0.152198,15,trail,20664.493048
2023-07-31T14:00:00+00:00,2023-08-01T00:00:00+00:00,long,1971.295,1961.4574,1961.4574,21.00562439,-212.946618,-1.030495,-1.030495,6,trail,20451.54643
2023-08-30T00:00:00+00:00,2023-08-31T14:00:00+00:00,long,1936.065,1940.032,1926.9002,22.31532213,81.830286,0.400118,0.400118,20,trail,20533.376716
2023-09-19T00:00:00+00:00,2023-09-19T16:00:00+00:00,long,1934.065,1930.755,1926.4478,26.95659391,-97.313304,-0.473927,-0.473927,9,ma_exit,20436.063412
2023-10-16T00:00:00+00:00,2023-10-16T06:00:00+00:00,long,1925.775,1912.5633,1912.5633,15.46815581,-209.001081,-1.022707,-1.022707,4,trail,20227.062331
2023-10-16T10:00:00+00:00,2023-10-17T00:00:00+00:00,long,1916.085,1915.015,1902.368,14.74598114,-20.201994,-0.099876,-0.099876,8,ma_exit,20206.860337
2023-10-18T02:00:00+00:00,2023-10-18T14:00:00+00:00,long,1938.975,1943.5639,1928.4667,19.22942849,82.473096,0.408144,0.408144,7,trail,20289.333433
2023-10-18T18:00:00+00:00,2023-10-20T16:00:00+00:00,long,1953.925,1975.7802,1938.7389,13.36046347,287.987462,1.419403,1.419403,24,trail,20577.320895
2023-10-25T14:00:00+00:00,2023-10-25T14:00:00+00:00,long,1984.985,1973.081,1973.081,17.28605586,-210.959026,-1.025202,-1.025202,1,trail,20366.361869
2023-10-27T18:00:00+00:00,2023-10-30T06:00:00+00:00,long,1996.625,1993.2981,1985.2581,17.91725261,-64.984083,-0.319076,-0.319076,7,trail,20301.377786
2023-11-03T14:00:00+00:00,2023-11-06T00:00:00+00:00,long,1995.254,1987.0168,1987.0168,24.64596924,-210.407569,-1.03642,-1.03642,6,trail,20090.970217
2023-11-14T14:00:00+00:00,2023-11-15T12:00:00+00:00,long,1954.205,1964.3351,1945.8974,24.18384397,237.729605,1.183266,1.183266,12,trail,20328.699822
2023-11-16T16:00:00+00:00,2023-11-17T14:00:00+00:00,long,1984.764,1981.446,1975.8002,22.67866287,-82.051402,-0.403623,-0.403623,12,trail,20246.64842
2023-11-21T04:00:00+00:00,2023-11-22T14:00:00+00:00,long,1993.105,1992.6726,1981.6029,17.60256685,-12.89212,-0.063675,-0.063675,18,trail,20233.7563
2023-11-27T00:00:00+00:00,2023-11-29T08:00:00+00:00,long,2002.255,2038.0136,1995.1009,28.28274178,1002.866428,4.956403,4.956403,29,trail,21236.622727
2023-11-29T12:00:00+00:00,2023-11-30T04:00:00+00:00,long,2040.085,2041.508,2029.0439,19.23415486,21.599956,0.101711,0.101711,9,ma_exit,21258.222683
2023-12-01T18:00:00+00:00,2023-12-04T00:00:00+00:00,long,2067.205,2096.2107,2054.8041,17.14248376,492.086996,2.314808,2.314808,4,trail,21750.309679
2023-12-04T04:00:00+00:00,2023-12-04T08:00:00+00:00,long,2085.735,2061.1997,2060.939,8.77170095,-217.847825,-1.001585,-1.001585,3,trail,21532.461855
2023-12-13T20:00:00+00:00,2023-12-15T12:00:00+00:00,long,2013.645,2027.5682,2003.716,21.68643555,295.438649,1.372062,1.372062,21,trail,21827.900503
2023-12-19T16:00:00+00:00,2023-12-20T10:00:00+00:00,long,2041.765,2032.3539,2031.7651,21.82811878,-211.975044,-0.97112,-0.97112,10,trail,21615.925459
2023-12-22T00:00:00+00:00,2023-12-22T16:00:00+00:00,long,2052.695,2055.9885,2042.1,20.4020061,61.073405,0.282539,0.282539,9,trail,21676.998864
2023-12-26T02:00:00+00:00,2023-12-26T14:00:00+00:00,long,2063.265,2056.755,2050.0368,16.38696033,-111.5952,-0.514809,-0.514809,7,ma_exit,21565.403664
2023-12-27T16:00:00+00:00,2023-12-28T08:00:00+00:00,long,2078.745,2076.588,2069.7698,24.02776948,-59.03623,-0.273754,-0.273754,9,trail,21506.367435
2024-01-05T16:00:00+00:00,2024-01-05T16:00:00+00:00,long,2054.815,2044.1171,2044.1171,20.10335434,-221.094681,-1.028043,-1.028043,1,trail,21285.272754
2024-01-12T12:00:00+00:00,2024-01-12T16:00:00+00:00,long,2045.355,2041.926,2032.6701,16.78000832,-62.572651,-0.293972,-0.293972,3,trail,21222.700103
2024-01-15T04:00:00+00:00,2024-01-16T00:00:00+00:00,long,2057.285,2050.805,2041.1717,13.17092098,-89.298844,-0.42077,-0.42077,10,ma_exit,21133.401259
2024-01-19T08:00:00+00:00,2024-01-19T14:00:00+00:00,long,2027.895,2025.19,2017.091,19.56071942,-58.779962,-0.278138,-0.278138,4,trail,21074.621297
2024-01-31T16:00:00+00:00,2024-01-31T18:00:00+00:00,long,2052.175,2042.6011,2042.6011,22.01257721,-217.349986,-1.031335,-1.031335,2,trail,20857.271311
2024-02-29T14:00:00+00:00,2024-03-01T08:00:00+00:00,long,2047.555,2040.3121,2040.3121,28.79685114,-217.211768,-1.04142,-1.04142,10,trail,20640.059543
2024-03-01T12:00:00+00:00,2024-03-01T14:00:00+00:00,long,2055.295,2046.8341,2046.8341,24.39463833,-213.718987,-1.035457,-1.035457,2,trail,20426.340556
2024-03-01T18:00:00+00:00,2024-03-12T02:00:00+00:00,long,2084.715,2177.385,2072.7304,17.04382337,1574.337965,7.707391,7.707391,77,ma_exit,22000.67852
2024-03-20T20:00:00+00:00,2024-03-21T14:00:00+00:00,long,2182.785,2190.0796,2173.109,22.73736929,159.038803,0.722881,0.722881,10,trail,22159.717323
2024-03-26T10:00:00+00:00,2024-03-26T12:00:00+00:00,long,2190.805,2183.5433,2179.6213,19.81429878,-149.829783,-0.676136,-0.676136,2,trail,22009.88754
2024-03-28T12:00:00+00:00,2024-04-01T10:00:00+00:00,long,2210.295,2246.1568,2197.8409,17.67280457,628.476742,2.855429,2.855429,12,trail,22638.364282
2024-04-01T14:00:00+00:00,2024-04-03T12:00:00+00:00,long,2246.365,2265.6043,2227.6121,12.07192716,228.63385,1.00994,1.00994,24,trail,22866.998132
2024-04-03T18:00:00+00:00,2024-04-04T12:00:00+00:00,long,2294.855,2287.435,2273.8707,10.89719368,-84.126335,-0.367894,-0.367894,10,ma_exit,22782.871797
2024-04-05T16:00:00+00:00,2024-04-07T22:00:00+00:00,long,2326.085,2306.529,2306.529,11.65006739,-231.323738,-1.015341,-1.015341,4,trail,22551.548059
2024-04-08T02:00:00+00:00,2024-04-09T14:00:00+00:00,long,2324.185,2339.4268,2299.6286,9.18357253,137.219104,0.608469,0.608469,19,trail,22688.767163
2024-04-11T20:00:00+00:00,2024-04-12T14:00:00+00:00,long,2372.885,2382.1205,2349.649,9.76448922,87.250593,0.384554,0.384554,10,trail,22776.017756
2024-04-19T02:00:00+00:00,2024-04-19T02:00:00+00:00,long,2409.274,2388.7723,2388.7723,11.1093313,-231.092977,-1.014633,-1.014633,1,trail,22544.924779
2024-04-26T08:00:00+00:00,2024-04-26T14:00:00+00:00,long,2345.415,2331.88,2327.0036,12.24508988,-169.410818,-0.751437,-0.751437,4,trail,22375.513961
2024-05-02T00:00:00+00:00,2024-05-02T08:00:00+00:00,long,2323.678,2303.7926,2303.0246,10.8338162,-218.684914,-0.97734,-0.97734,5,trail,22156.829047
2024-05-06T08:00:00+00:00,2024-05-07T08:00:00+00:00,long,2322.645,2313.665,2302.1479,10.80973847,-100.314373,-0.452747,-0.452747,13,ma_exit,22056.514674
2024-05-09T16:00:00+00:00,2024-05-10T14:00:00+00:00,long,2330.315,2356.5279,2314.4285,13.88380995,359.769779,1.631127,1.631127,12,trail,22416.284453
2024-05-10T18:00:00+00:00,2024-05-13T04:00:00+00:00,long,2369.585,2352.508,2350.762,11.90898606,-206.942451,-0.923179,-0.923179,6,ma_exit,22209.342002
2024-05-15T04:00:00+00:00,2024-05-15T12:00:00+00:00,long,2360.238,2356.0058,2346.5385,16.21179021,-73.475076,-0.33083,-0.33083,5,trail,22135.866927
2024-05-15T16:00:00+00:00,2024-05-16T12:00:00+00:00,long,2377.518,2372.2827,2361.2751,13.62802635,-75.435214,-0.340783,-0.340783,11,trail,22060.431712
2024-05-17T14:00:00+00:00,2024-05-20T10:00:00+00:00,long,2401.475,2430.7225,2388.6615,17.21655419,498.376202,2.259141,2.259141,11,trail,22558.807915
2024-05-27T14:00:00+00:00,2024-05-28T06:00:00+00:00,long,2354.788,2343.975,2340.8304,16.16238316,-179.612564,-0.796197,-0.796197,8,ma_exit,22379.195351
2024-06-06T00:00:00+00:00,2024-06-07T08:00:00+00:00,long,2354.935,2362.5787,2337.8073,13.06608322,95.953395,0.428762,0.428762,17,trail,22475.148746
2024-06-21T00:00:00+00:00,2024-06-21T12:00:00+00:00,long,2360.728,2352.4045,2347.5169,17.01232202,-146.705759,-0.652747,-0.652747,7,trail,22328.442987
2024-07-04T00:00:00+00:00,2024-07-05T12:00:00+00:00,long,2358.725,2357.0327,2343.8068,14.96725006,-29.819252,-0.133548,-0.133548,18,trail,22298.623735
2024-07-05T16:00:00+00:00,2024-07-08T06:00:00+00:00,long,2384.615,2377.3524,2372.601,18.56053249,-140.365883,-0.629482,-0.629482,8,trail,22158.257852
2024-07-10T12:00:00+00:00,2024-07-12T06:00:00+00:00,long,2378.235,2401.5754,2365.7457,17.74179326,408.778013,1.844811,1.844811,22,trail,22567.035865
2024-07-15T16:00:00+00:00,2024-07-17T14:00:00+00:00,long,2433.164,2462.8374,2419.3101,16.28930183,478.472178,2.120226,2.120226,24,trail,23045.508044
2024-07-24T04:00:00+00:00,2024-07-24T16:00:00+00:00,long,2416.375,2408.9833,2401.1516,15.13821357,-116.438597,-0.505255,-0.505255,7,trail,22929.069446
2024-07-29T00:00:00+00:00,2024-07-29T14:00:00+00:00,long,2396.935,2378.4239,2378.4239,12.3866596,-233.006692,-1.016206,-1.016206,8,trail,22696.062754
2024-07-30T18:00:00+00:00,2024-08-01T08:00:00+00:00,long,2405.635,2431.0676,2389.347,13.9342232,350.203258,1.543013,1.543013,20,trail,23046.266012
2024-08-01T14:00:00+00:00,2024-08-02T14:00:00+00:00,long,2453.255,2447.3006,2433.9928,11.96450354,-74.830791,-0.324698,-0.324698,13,trail,22971.435221
2024-08-08T12:00:00+00:00,2024-08-13T04:00:00+00:00,long,2412.105,2460.1935,2396.0876,14.34155058,685.36119,2.983537,2.983537,33,trail,23656.796411
2024-08-13T08:00:00+00:00,2024-08-14T02:00:00+00:00,long,2464.125,2456.4077,2448.603,15.24081717,-122.190203,-0.516512,-0.516512,10,trail,23534.606207
2024-08-16T12:00:00+00:00,2024-08-19T10:00:00+00:00,long,2472.015,2487.3304,2456.6878,15.35479814,230.558436,0.979657,0.979657,12,trail,23765.164643
2024-08-20T10:00:00+00:00,2024-08-20T14:00:00+00:00,long,2521.565,2513.7967,2506.0851,15.35227272,-123.866742,-0.521211,-0.521211,3,trail,23641.297901
2024-08-26T00:00:00+00:00,2024-08-26T14:00:00+00:00,long,2515.795,2512.7233,2498.9729,14.05371381,-47.384907,-0.200433,-0.200433,8,trail,23593.912995
2024-09-05T08:00:00+00:00,2024-09-06T12:00:00+00:00,long,2506.385,2507.231,2492.4731,16.95951883,9.259897,0.039247,0.039247,15,trail,23603.172892
2024-09-10T20:00:00+00:00,2024-09-11T12:00:00+00:00,long,2517.155,2511.9139,2503.4116,17.17418753,-95.163891,-0.403183,-0.403183,9,trail,23508.009001
2024-09-12T14:00:00+00:00,2024-09-17T02:00:00+00:00,long,2545.288,2577.058,2532.5974,18.52395395,582.948831,2.479788,2.479788,31,ma_exit,24090.957832
2024-09-19T10:00:00+00:00,2024-09-19T12:00:00+00:00,long,2591.675,2571.1331,2571.1331,11.72771644,-244.427893,-1.014604,-1.014604,2,trail,23846.529939
2024-09-20T08:00:00+00:00,2024-09-23T06:00:00+00:00,long,2607.014,2613.9036,2584.7208,10.69677298,70.487455,0.295588,0.295588,12,trail,23917.017394
2024-09-23T14:00:00+00:00,2024-09-26T12:00:00+00:00,long,2631.765,2667.8458,2615.6167,14.81085773,529.944338,2.215763,2.215763,36,trail,24446.961732
2024-10-01T14:00:00+00:00,2024-10-02T04:00:00+00:00,long,2667.615,2650.5944,2650.5944,14.36316095,-248.778566,-1.017626,-1.017626,8,trail,24198.183167
2024-10-11T02:00:00+00:00,2024-10-14T14:00:00+00:00,long,2637.615,2644.1586,2620.6791,14.28809993,89.209181,0.368661,0.368661,19,trail,24287.392348
2024-10-16T08:00:00+00:00,2024-10-21T14:00:00+00:00,long,2675.844,2723.3928,2660.5074,15.8362299,748.242859,3.080787,3.080787,40,trail,25035.635207
2024-10-22T18:00:00+00:00,2024-10-23T12:00:00+00:00,long,2746.625,2740.2605,2729.4464,14.5737343,-97.126652,-0.387954,-0.387954,10,trail,24938.508555
2024-10-29T14:00:00+00:00,2024-10-31T08:00:00+00:00,long,2760.438,2778.025,2744.4938,15.64111624,270.387976,1.084219,1.084219,22,ma_exit,25208.896531
2024-11-22T02:00:00+00:00,2024-11-22T14:00:00+00:00,long,2677.705,2686.5086,2661.8346,15.88422253,135.073075,0.535815,0.535815,7,trail,25343.969606
2024-11-22T18:00:00+00:00,2024-11-24T22:00:00+00:00,long,2706.725,2695.5362,2686.6185,12.6048639,-144.81476,-0.571397,-0.571397,3,trail,25199.154845
2024-12-11T00:00:00+00:00,2024-12-11T04:00:00+00:00,long,2695.835,2684.1526,2679.2547,15.19825024,-182.111514,-0.722689,-0.722689,3,trail,25017.043332
2024-12-11T10:00:00+00:00,2024-12-12T00:00:00+00:00,long,2695.334,2700.4887,2678.4154,14.78671009,71.785041,0.286945,0.286945,8,trail,25088.828373
2025-01-09T12:00:00+00:00,2025-01-10T12:00:00+00:00,long,2669.954,2669.5632,2656.1276,18.1455971,-12.534978,-0.049962,-0.049962,13,trail,25076.293395
2025-01-10T16:00:00+00:00,2025-01-13T00:00:00+00:00,long,2692.404,2680.7322,2679.3513,19.21157569,-229.997142,-0.91719,-0.91719,5,trail,24846.296253
2025-01-15T10:00:00+00:00,2025-01-15T14:00:00+00:00,long,2685.735,2679.2056,2671.7559,17.77388834,-121.384993,-0.488544,-0.488544,3,trail,24724.91126
2025-01-15T18:00:00+00:00,2025-01-17T08:00:00+00:00,long,2692.595,2705.1501,2676.9837,15.83782982,194.094188,0.785015,0.785015,20,trail,24919.005448
2025-01-21T04:00:00+00:00,2025-01-23T08:00:00+00:00,long,2724.275,2741.3778,2707.4547,14.81484007,248.930795,0.99896,0.99896,27,trail,25167.936243
2025-01-24T04:00:00+00:00,2025-01-26T22:00:00+00:00,long,2772.238,2766.4032,2757.8149,17.44974121,-107.050672,-0.425345,-0.425345,10,trail,25060.88557
2025-01-29T10:00:00+00:00,2025-01-29T14:00:00+00:00,long,2762.535,2750.9385,2750.9385,21.61073218,-257.092075,-1.02587,-1.02587,3,trail,24803.793495
2025-01-30T10:00:00+00:00,2025-02-02T22:00:00+00:00,long,2773.985,2793.867,2762.3257,21.27382733,416.584087,1.679518,1.679518,19,trail,25220.377582
2025-02-03T16:00:00+00:00,2025-02-06T06:00:00+00:00,long,2817.215,2858.943,2796.8583,12.38922693,513.260893,2.035104,2.035104,32,trail,25733.638475
2025-02-10T08:00:00+00:00,2025-02-11T02:00:00+00:00,long,2895.395,2908.3391,2874.1546,12.11542084,153.188593,0.595285,0.595285,10,trail,25886.827068
2025-02-11T06:00:00+00:00,2025-02-11T12:00:00+00:00,long,2922.585,2893.9941,2893.9941,9.05421902,-261.584536,-1.010493,-1.010493,4,trail,25625.242531
2025-02-13T20:00:00+00:00,2025-02-14T12:00:00+00:00,long,2926.715,2917.6369,2905.2718,11.95028845,-112.071,-0.437346,-0.437346,9,trail,25513.171531
2025-02-18T14:00:00+00:00,2025-02-19T14:00:00+00:00,long,2918.565,2929.1659,2900.4107,14.05351434,144.763846,0.567408,0.567408,13,trail,25657.935377
2025-03-03T16:00:00+00:00,2025-03-05T12:00:00+00:00,long,2887.785,2899.1293,2865.4331,11.47908472,126.778455,0.49411,0.49411,23,trail,25784.713832
2025-03-12T16:00:00+00:00,2025-03-14T14:00:00+00:00,long,2928.505,2979.5539,2911.3286,15.01171016,761.827778,2.954571,2.954571,24,trail,26546.54161
2025-03-18T04:00:00+00:00,2025-03-19T08:00:00+00:00,long,3011.265,3028.3552,2993.5135,14.95453433,251.089622,0.945847,0.945847,15,trail,26797.631232
2025-03-27T10:00:00+00:00,2025-03-27T12:00:00+00:00,long,3039.815,3036.8224,3023.4411,16.36606504,-53.886906,-0.201088,-0.201088,2,trail,26743.744326
2025-03-27T16:00:00+00:00,2025-03-31T12:00:00+00:00,long,3051.868,3101.56,3032.1964,13.59510377,671.489365,2.510828,2.510828,23,trail,27415.233692
2025-03-31T20:00:00+00:00,2025-04-01T14:00:00+00:00,long,3124.305,3119.4569,3097.2963,10.15051953,-52.25589,-0.190609,-0.190609,10,trail,27362.977802
2025-04-03T00:00:00+00:00,2025-04-03T04:00:00+00:00,long,3162.455,3133.867,3133.867,9.57149077,-276.501225,-1.010494,-1.010494,3,trail,27086.476577
2025-04-09T08:00:00+00:00,2025-04-14T12:00:00+00:00,long,3040.685,3193.6616,2999.637,6.59873236,1007.47202,3.719465,3.719465,39,trail,28093.948597
2025-04-16T00:00:00+00:00,2025-04-17T06:00:00+00:00,long,3251.655,3318.032,3224.57,10.37251194,685.384472,2.439616,2.439616,16,trail,28779.333069
2025-04-21T02:00:00+00:00,2025-04-22T08:00:00+00:00,long,3377.445,3449.731,3336.987,7.11338501,512.064133,1.779277,1.779277,16,trail,29291.397202
2025-04-28T20:00:00+00:00,2025-04-29T08:00:00+00:00,long,3351.695,3308.785,3302.6259,5.96941807,-257.938555,-0.880595,-0.880595,7,ma_exit,29033.458648
2025-05-05T10:00:00+00:00,2025-05-06T22:00:00+00:00,long,3308.535,3390.3952,3276.425,9.04187438,737.457083,2.540025,2.540025,19,trail,29770.915731
2025-05-15T22:00:00+00:00,2025-05-16T08:00:00+00:00,long,3239.855,3198.6256,3198.6256,7.22079771,-299.875397,-1.007276,-1.007276,6,trail,29471.040334
2025-05-20T16:00:00+00:00,2025-05-22T08:00:00+00:00,long,3277.005,3305.5576,3240.1654,7.99982636,226.015894,0.766908,0.766908,21,trail,29697.056228
2025-05-23T12:00:00+00:00,2025-05-26T08:00:00+00:00,long,3347.705,3326.466,3315.3752,9.18566036,-197.849938,-0.666227,-0.666227,11,trail,29499.20629
2025-06-02T08:00:00+00:00,2025-06-03T04:00:00+00:00,long,3352.385,3357.0452,3324.0655,10.41657031,45.41833,0.153965,0.153965,11,trail,29544.62462
2025-06-05T10:00:00+00:00,2025-06-05T14:00:00+00:00,long,3389.325,3363.9513,3363.4523,11.41922746,-293.17382,-0.992308,-0.992308,3,trail,29251.4508
2025-06-12T00:00:00+00:00,2025-06-12T06:00:00+00:00,long,3365.165,3345.573,3335.3683,9.81701021,-195.279967,-0.667591,-0.667591,4,trail,29056.170833
2025-06-12T12:00:00+00:00,2025-06-16T06:00:00+00:00,long,3378.955,3412.455,3347.155,9.13716064,303.353733,1.044025,1.044025,22,ma_exit,29359.524566
2025-07-11T08:00:00+00:00,2025-07-14T12:00:00+00:00,long,3341.685,3350.1349,3322.8471,15.58534899,127.019036,0.432633,0.432633,15,trail,29486.543602
2025-07-21T06:00:00+00:00,2025-07-23T12:00:00+00:00,long,3366.588,3410.5856,3348.9334,16.70190409,729.833124,2.47514,2.47514,28,trail,30216.376726
2025-08-04T00:00:00+00:00,2025-08-05T08:00:00+00:00,long,3361.785,3359.465,3335.9801,11.70955002,-30.679021,-0.101531,-0.101531,17,ma_exit,30185.697705
2025-08-07T08:00:00+00:00,2025-08-07T08:00:00+00:00,long,3396.005,3377.2787,3377.2787,16.11941371,-306.692801,-1.01602,-1.01602,1,trail,29879.004904
2025-08-25T00:00:00+00:00,2025-08-25T22:00:00+00:00,long,3368.845,3356.2593,3350.5042,16.29100416,-209.920992,-0.70257,-0.70257,12,trail,29669.083912
2025-08-26T22:00:00+00:00,2025-08-27T04:00:00+00:00,long,3392.648,3377.045,3373.0942,15.17305276,-241.297058,-0.813295,-0.813295,4,ma_exit,29427.786854
2025-08-28T12:00:00+00:00,2025-08-29T10:00:00+00:00,long,3403.895,3404.5476,3388.2233,18.77766091,6.621003,0.022499,0.022499,12,trail,29434.407857
2025-08-29T14:00:00+00:00,2025-09-02T08:00:00+00:00,long,3428.425,3470.1493,3412.9642,19.03808849,788.639489,2.679312,2.679312,21,trail,30223.047346
2025-09-02T16:00:00+00:00,2025-09-04T00:00:00+00:00,long,3520.205,3544.9995,3492.3623,10.85492691,265.886007,0.879746,0.879746,17,trail,30488.933353
2025-09-05T14:00:00+00:00,2025-09-09T14:00:00+00:00,long,3594.205,3638.0993,3568.2146,11.73084422,511.397942,1.677323,1.677323,25,trail,31000.331295
2025-09-15T16:00:00+00:00,2025-09-17T00:00:00+00:00,long,3680.225,3676.3652,3659.3763,14.86919151,-61.852863,-0.199523,-0.199523,17,trail,30938.478432
2025-09-19T20:00:00+00:00,2025-09-23T18:00:00+00:00,long,3684.279,3758.6352,3655.2076,10.64223891,788.123773,2.54739,2.54739,24,trail,31726.602206
2025-09-26T16:00:00+00:00,2025-09-30T08:00:00+00:00,long,3780.235,3837.0356,3751.1426,10.9054606,616.165067,1.942109,1.942109,21,trail,32342.767273
2025-10-01T10:00:00+00:00,2025-10-02T14:00:00+00:00,long,3888.698,3857.9151,3852.1103,8.83979241,-274.766383,-0.849545,-0.849545,15,trail,32068.00089
2025-10-06T00:00:00+00:00,2025-10-08T22:00:00+00:00,long,3909.425,4014.1378,3874.9007,9.28853037,969.841463,3.024328,3.024328,36,trail,33037.842353
2025-10-13T06:00:00+00:00,2025-10-14T04:00:00+00:00,long,4063.345,4113.0489,3999.9333,5.21005467,257.39702,0.779098,0.779098,12,trail,33295.239373
2025-10-15T02:00:00+00:00,2025-10-17T00:00:00+00:00,long,4181.555,4310.3466,4132.8938,6.84225612,879.172437,2.640535,2.640535,24,trail,34174.41181
2025-10-17T04:00:00+00:00,2025-10-17T10:00:00+00:00,long,4366.555,4307.8462,4307.8462,5.82100329,-343.490419,-1.00511,-1.00511,4,trail,33830.921391
2025-10-20T20:00:00+00:00,2025-10-21T06:00:00+00:00,long,4377.885,4293.6063,4293.6063,4.01417219,-339.513466,-1.00356,-1.00356,6,trail,33491.407925
2025-11-06T08:00:00+00:00,2025-11-06T14:00:00+00:00,long,4005.398,3985.681,3969.0223,9.20708273,-184.298175,-0.550285,-0.550285,4,trail,33307.10975
2025-11-10T02:00:00+00:00,2025-11-11T14:00:00+00:00,long,4043.825,4109.8116,4008.3913,9.39983963,617.443506,1.853789,1.853789,19,trail,33924.553256
2025-11-12T16:00:00+00:00,2025-11-13T14:00:00+00:00,long,4181.095,4189.7057,4144.4478,9.25706555,76.932695,0.226776,0.226776,12,trail,34001.485951
2025-11-19T10:00:00+00:00,2025-11-19T16:00:00+00:00,long,4113.215,4061.5444,4057.6704,6.12147463,-318.136709,-0.935655,-0.935655,4,trail,33683.349241
2025-11-24T20:00:00+00:00,2025-11-27T02:00:00+00:00,long,4118.189,4147.205,4066.9165,6.56947667,188.649092,0.560066,0.560066,28,ma_exit,33871.998333
2025-11-28T02:00:00+00:00,2025-11-28T08:00:00+00:00,long,4190.895,4164.6834,4164.6834,12.92252222,-342.59674,-1.011445,-1.011445,4,trail,33529.401593
2025-11-28T16:00:00+00:00,2025-12-01T04:00:00+00:00,long,4203.565,4221.1958,4176.5216,12.39836766,214.87363,0.640851,0.640851,6,trail,33744.275224
2025-12-01T08:00:00+00:00,2025-12-02T00:00:00+00:00,long,4244.998,4215.7368,4208.8248,9.32852919,-275.762517,-0.817213,-0.817213,9,trail,33468.512706
2025-12-05T14:00:00+00:00,2025-12-05T16:00:00+00:00,long,4234.345,4212.8644,4206.895,12.19253651,-265.560761,-0.793464,-0.793464,2,trail,33202.951946
2025-12-11T16:00:00+00:00,2025-12-12T14:00:00+00:00,long,4255.825,4301.3187,4224.0053,10.43471558,471.583406,1.420306,1.420306,12,trail,33674.535351
2025-12-15T06:00:00+00:00,2025-12-15T16:00:00+00:00,long,4343.315,4300.8489,4295.873,7.09804295,-303.555614,-0.90144,-0.90144,6,trail,33370.979737
2025-12-22T02:00:00+00:00,2025-12-23T14:00:00+00:00,long,4382.539,4458.1588,4346.9543,9.3779011,706.341635,2.116634,2.116634,19,trail,34077.321372
2025-12-23T20:00:00+00:00,2025-12-24T02:00:00+00:00,long,4490.618,4476.6591,4451.5575,8.72424095,-124.398079,-0.365047,-0.365047,4,trail,33952.923293
2025-12-26T16:00:00+00:00,2025-12-29T00:00:00+00:00,long,4546.275,4501.1079,4501.1079,7.51718027,-341.784387,-1.006642,-1.006642,5,trail,33611.138906
2026-01-05T02:00:00+00:00,2026-01-07T04:00:00+00:00,long,4401.695,4450.1957,4350.221,6.5297313,314.73762,0.936409,0.936409,26,trail,33925.876526
2026-01-09T16:00:00+00:00,2026-01-13T16:00:00+00:00,long,4511.988,4590.255,4473.1527,8.7358348,681.106832,2.007632,2.007632,25,ma_exit,34606.983358
2026-01-19T00:00:00+00:00,2026-01-21T14:00:00+00:00,long,4672.375,4824.7539,4626.1154,7.48103818,1137.708057,3.28751,3.28751,31,trail,35744.691414
2026-01-22T22:00:00+00:00,2026-01-26T18:00:00+00:00,long,4935.698,5036.5869,4855.8362,4.4758184,450.21765,1.259537,1.259537,23,trail,36194.909064
2026-01-27T22:00:00+00:00,2026-01-29T14:00:00+00:00,long,5178.725,5444.696,5101.4735,4.68533414,1244.757407,3.43904,3.43904,21,trail,37439.666471
2026-02-04T02:00:00+00:00,2026-02-04T14:00:00+00:00,long,5046.115,4937.5848,4859.8207,2.00970542,-218.716643,-0.584184,-0.584184,7,trail,37220.949828
2026-02-09T00:00:00+00:00,2026-02-10T14:00:00+00:00,long,5035.475,5019.028,4896.1397,2.67132233,-44.736635,-0.120192,-0.120192,20,ma_exit,37176.213193
2026-02-18T16:00:00+00:00,2026-02-20T02:00:00+00:00,long,4997.765,4987.685,4920.1193,4.78792943,-49.698707,-0.133684,-0.133684,18,ma_exit,37126.514486
2026-02-20T18:00:00+00:00,2026-02-24T00:00:00+00:00,long,5072.625,5164.7313,5014.6056,6.39898284,587.466938,1.582338,1.582338,16,trail,37713.981424
2026-02-27T20:00:00+00:00,2026-03-02T00:00:00+00:00,long,5249.705,5319.0091,5194.2326,6.79869294,469.137687,1.243936,1.243936,3,trail,38183.119111
2026-03-02T04:00:00+00:00,2026-03-02T14:00:00+00:00,long,5366.065,5333.4491,5292.3681,5.18110248,-170.540651,-0.446639,-0.446639,6,trail,38012.57846
2026-03-10T16:00:00+00:00,2026-03-11T10:00:00+00:00,long,5228.365,5180.985,5133.8943,4.02374265,-191.852049,-0.504707,-0.504707,10,ma_exit,37820.726411
2026-08-06T00:00:00+00:00,2026-08-06T16:00:00+00:00,long,4277.985,4228.5313,4224.1333,7.02312581,-349.426495,-0.923902,-0.923902,9,trail,37471.299916
2026-08-07T10:00:00+00:00,2026-08-10T12:00:00+00:00,long,4315.845,4317.745,4264.408,7.28489218,11.655827,0.031106,0.031106,14,ma_exit,37482.955744
2026-08-10T20:00:00+00:00,2026-08-11T04:00:00+00:00,long,4388.085,4379.0708,4338.715,7.59225354,-70.715768,-0.188661,-0.188661,5,trail,37412.239976
2026-08-17T16:00:00+00:00,2026-08-18T02:00:00+00:00,long,4427.335,4391.565,4385.184,8.87576569,-320.148869,-0.855733,-0.855733,6,ma_exit,37092.091107
2026-08-19T14:00:00+00:00,2026-08-20T10:00:00+00:00,long,4459.385,4468.5635,4419.3445,9.26364334,82.247257,0.221738,0.221738,11,trail,37174.338365
2026-08-20T16:00:00+00:00,2026-08-25T02:00:00+00:00,long,4521.465,4622.803,4466.8085,6.80144875,687.204779,1.8486,1.8486,30,trail,37861.543144
2026-09-03T02:00:00+00:00,2026-09-04T12:00:00+00:00,long,4410.075,4440.383,4354.454,6.80705905,204.266228,0.539508,0.539508,18,trail,38065.809372
2026-09-16T12:00:00+00:00,2026-09-16T18:00:00+00:00,long,4341.425,4312.8941,4299.3942,9.0566464,-261.111267,-0.685947,-0.685947,4,trail,37804.698105
