strategy,source,n_trades,trades_per_year,win_rate,avg_R,profit_factor,total_return_pct,cagr,max_dd,sharpe_daily,period_start,period_end
H1_donch20_sma50,Duka_overlap,1175,70.17291066282421,0.37446808510638296,0.11366793967466308,1.4137136395384216,230.17362181601916,0.0739402958979325,-0.2616358101233334,0.5304963913088483,2010-01-03,2026-10-02
H2_donch20_sma50,Duka_overlap,615,36.72880004905267,0.4195121951219512,0.23467724178314453,1.6170757037255143,294.87114732930826,0.08547865157531187,-0.140301512212738,0.7772051101889328,2010-01-03,2026-10-02
H2_atrchan_sma50,Duka_overlap,658,39.29682997118156,0.42249240121580545,0.21380150647661383,1.6009234996916886,280.7876234093895,0.08312685166652467,-0.11038484072794903,0.7637419548331907,2010-01-03,2026-10-02
H1_bb20_2_sma50,Duka_overlap,1372,81.93807100374028,0.39285714285714285,0.1419241151074047,1.428146845433994,495.654516044089,0.11245878022596179,-0.2426328831855191,0.7349483127235601,2010-01-03,2026-10-02
H1_donch20_noATR_trail,Duka_overlap,977,58.34802869581213,0.3295803480040942,0.1513751819423063,1.378033159909837,257.56619887272865,0.07906435710761706,-0.345383964638479,0.4522176511217851,2010-01-03,2026-10-02
H2_donch20_noATR_trail,Duka_overlap,511,30.51775093506653,0.35812133072407043,0.22600041307117635,1.3433338552778604,183.70855693901075,0.064256418850684,-0.16609691265232615,0.4846256137679496,2010-01-03,2026-10-02
H1_donch20_sma50,Hist_overlap,1126,67.24655098411921,0.37300177619893427,0.10624622105455975,1.3868394887147946,192.36967766751664,0.06616945548430753,-0.30971212562863837,0.4897001132603343,2010-01-03,2026-10-02
H2_donch20_sma50,Hist_overlap,606,36.19130541418849,0.40594059405940597,0.18959139897645833,1.5574900685903499,195.6928545739948,0.06688935024159948,-0.19610837425241776,0.6495424668707618,2010-01-03,2026-10-02
H2_atrchan_sma50,Hist_overlap,652,38.93850021460543,0.401840490797546,0.17591177156013868,1.5055225005454096,195.2160097932091,0.0667865209858256,-0.15456681427957752,0.6559242690344176,2010-01-03,2026-10-02
H1_bb20_2_sma50,Hist_overlap,1324,79.07143295113129,0.3851963746223565,0.13374191885928152,1.4123501918852328,410.2014746230849,0.10221796615412937,-0.26032801526191085,0.6850309897697123,2010-01-03,2026-10-02
H1_donch20_noATR_trail,Hist_overlap,931,55.60083389539518,0.3372717508055854,0.15780450276027896,1.388285051795195,255.1741898787541,0.07863188809637123,-0.34371557953782494,0.4635333947239872,2010-01-03,2026-10-02
H2_donch20_noATR_trail,Hist_overlap,503,30.039977926298366,0.33399602385685884,0.19226438255688788,1.3097767893794823,135.5573485193415,0.05250027366648391,-0.22291156077267446,0.414961089769833,2010-01-03,2026-10-02
H1_donch20_sma50,Duka_full,1176,70.17382780591406,0.3741496598639456,0.11268367202777854,1.411698445733635,226.7271678149031,0.07320396349035208,-0.2616358101233333,0.5277025941255752,2010-01-01,2026-10-05
H2_donch20_sma50,Duka_full,616,36.75771932690737,0.41883116883116883,0.23284228578369914,1.6124513604534896,291.3344615727312,0.08482155547280357,-0.1403015122127376,0.7785791997901013,2010-01-01,2026-10-05
H2_atrchan_sma50,Duka_full,659,39.32359908511681,0.4218512898330804,0.21238491861434353,1.5972507405641525,278.04698104816816,0.08258771201701531,-0.11038484072794895,0.7644621839257784,2010-01-01,2026-10-05
H1_bb20_2_sma50,Duka_full,1373,81.92913739585035,0.39257101238164605,0.1413510554974876,1.4270874483564877,491.8132191175927,0.11193016323799077,-0.24263288318551912,0.729864616376644,2010-01-01,2026-10-05
H1_donch20_noATR_trail,Duka_full,978,58.35884659369384,0.3292433537832311,0.15015308992287493,1.376104004520388,253.833812711801,0.07832021391460198,-0.34538396463847865,0.4500854987995337,2010-01-01,2026-10-05
H2_donch20_noATR_trail,Duka_full,512,30.551870609377552,0.357421875,0.2235537722056458,1.339576646074208,180.7957787491564,0.06354579051833054,-0.1660969126523258,0.4859167809621473,2010-01-01,2026-10-05
BuyHold,Duka_overlap,1,0.0,1.0,,,268.9835636163791,0.08110388179122019,-0.44676537341972417,0.5277439140581223,2010-01-03,2026-10-01
BuyHold,Hist_overlap,1,0.0,1.0,,,268.89746220061545,0.08108881183084415,-0.4468161265021871,0.5447810403392703,2010-01-03,2026-10-01
