row_type,label,cost,financing,n_trades,trades_per_year,win_rate,avg_R,avg_pnl_oz,profit_factor,total_return_pct,cagr,max_dd,sharpe_daily,exposure_pct,avg_hold_hours,period_start,period_end,trough_time,start_px,end_px,fold,train_start,train_end,test_start,test_end,bh_return_pct,donch_entry,atr_mult,donch_exit
full,headline_sma50_nofin,0.0,nofin,1176,70.17382780591406,0.38945578231292516,0.15763573603607844,2.0544449829931932,1.5039540127135136,450.6564594490276,0.10715788038509277,-0.19897018463332766,0.7353420453313332,14.439361760060992,13.011054421768707,2010-01-01 00:00:00+00:00,2026-10-05 00:00:00+00:00,,,,,,,,,,,,
full,headline_sma50_fin5pct,0.0,fin5pct,1176,70.17382780591406,0.3818027210884354,0.13371339696826148,1.8569469593501284,1.448804837577946,317.42554313014233,0.0890077160972742,-0.2258854994732677,0.6316270140691941,14.439361760060992,13.011054421768707,2010-01-01 00:00:00+00:00,2026-10-05 00:00:00+00:00,,,,,,,,,,,,
full,headline_sma50_nofin,0.3,nofin,1176,70.17382780591406,0.3741496598639456,0.1126773754111889,1.7544449829931927,1.4116333852284053,226.70296759103704,0.07319921998524115,-0.2616358101233333,0.5276729759673863,14.439361760060992,13.011054421768707,2010-01-01 00:00:00+00:00,2026-10-05 00:00:00+00:00,,,,,,,,,,,,
drawdown,headline_dd,0.3,nofin,0,0.0,,,,,,,-0.06095393660735623,,,,2010-06-11 13:00:00+00:00,2010-10-14 10:00:00+00:00,2010-09-08 12:00:00+00:00,,,,,,,,,,,
drawdown,headline_dd,0.3,nofin,0,0.0,,,,,,,-0.12420380883471331,,,,2011-03-24 16:00:00+00:00,2011-08-19 11:00:00+00:00,2011-08-01 17:00:00+00:00,,,,,,,,,,,
drawdown,headline_dd,0.3,nofin,0,0.0,,,,,,,-0.2616358101233333,,,,2011-11-15 16:00:00+00:00,2019-06-21 06:00:00+00:00,2015-09-21 11:00:00+00:00,,,,,,,,,,,
drawdown,headline_dd,0.3,nofin,0,0.0,,,,,,,-0.07091392104466426,,,,2020-01-13 01:00:00+00:00,2020-02-24 15:00:00+00:00,2020-02-11 00:00:00+00:00,,,,,,,,,,,
drawdown,headline_dd,0.3,nofin,0,0.0,,,,,,,-0.08756595464328543,,,,2020-04-16 12:00:00+00:00,2020-08-05 00:00:00+00:00,2020-06-18 09:00:00+00:00,,,,,,,,,,,
drawdown,headline_dd,0.3,nofin,0,0.0,,,,,,,-0.05019973692032849,,,,2020-09-18 13:00:00+00:00,2021-05-07 13:00:00+00:00,2021-04-29 06:00:00+00:00,,,,,,,,,,,
drawdown,headline_dd,0.3,nofin,0,0.0,,,,,,,-0.20582891873769874,,,,2021-05-10 18:00:00+00:00,2025-01-17 01:00:00+00:00,2023-11-15 13:00:00+00:00,,,,,,,,,,,
drawdown,headline_dd,0.3,nofin,0,0.0,,,,,,,-0.07675893382360874,,,,2025-05-08 04:00:00+00:00,2025-09-23 16:00:00+00:00,2025-08-27 04:00:00+00:00,,,,,,,,,,,
full,headline_sma50_fin5pct,0.3,fin5pct,1176,70.17382780591406,0.3681972789115646,0.08875503634337192,1.5569469593501284,1.3599762318067157,147.62395396616955,0.05559724115982356,-0.28802543517922985,0.4210069688298544,14.439361760060992,13.011054421768707,2010-01-01 00:00:00+00:00,2026-10-05 00:00:00+00:00,,,,,,,,,,,,
full,headline_sma50_nofin,0.5,nofin,1176,70.17382780591406,0.3647959183673469,0.08270513499459585,1.5544449829931928,1.3542296922404207,130.63855960279872,0.051130738036503365,-0.30234849886354054,0.38881786459418816,14.439361760060992,13.011054421768707,2010-01-01 00:00:00+00:00,2026-10-05 00:00:00+00:00,,,,,,,,,,,,
full,headline_sma50_fin5pct,0.5,fin5pct,1176,70.17382780591406,0.36054421768707484,0.05878279592677888,1.3569469593501284,1.304777294237725,74.79633182932818,0.03388514808455945,-0.35511332926679773,0.28035774725828544,14.439361760060992,13.011054421768707,2010-01-01 00:00:00+00:00,2026-10-05 00:00:00+00:00,,,,,,,,,,,,
full,h1_donch_long_nofilter,0.3,nofin,2042,121.84945270380656,0.356513222331048,0.06000167251265867,1.0376101665034247,1.2529787127626641,170.63537133387752,0.06120939937707437,-0.3284853819015917,0.3694858197900033,25.036758699558895,12.930460333006856,2010-01-01 00:00:00+00:00,2026-10-05 00:00:00+00:00,,,,,,,,,,,,
buyhold,BuyHold,0.3,none,1,0.0,1.0,,3015.361,,265.9162974929105,0.0813111935839903,-0.44676537341972417,0.5306158811944944,100.0,,2010-03-01 22:00:00+00:00,2026-10-04 22:00:00+00:00,,1134.064,4149.725,,,,,,,,,
is_oos,IS_70,0.3,nofin,767,66.0957296213283,0.3650586701434159,0.08155143475527718,0.38425058670143347,1.1270587210758594,70.44730811042126,0.04702519237085201,-0.2616358101233333,0.381246556250294,13.540560732963705,13.195567144719687,2010-01-01 00:00:00+00:00,2021-08-09 12:00:00+00:00,,,,,,,,,,,,
is_oos,OOS_30,0.3,nofin,409,79.35577689243028,0.39119804400978,0.17104802695907223,4.32397823960879,1.6567699733029724,91.6738792843754,0.13455084452066224,-0.20087303666094475,0.8352528865165743,16.463036741921204,12.665036674816626,2021-08-09 12:00:00+00:00,2026-10-05 00:00:00+00:00,,,,,,,,,,,,
wf_train,WF_3y1y_F0,0.3,nofin,277,92.3122718978102,0.37184115523465705,0.05220247924401147,0.6077768953068524,1.2273399325761791,11.732443110813517,0.03766245139814717,-0.12722355944791724,0.33602382773232825,17.624695863746958,12.812274368231048,2010-03-01 22:00:00+00:00,2013-03-01 22:00:00+00:00,,,,0.0,2010-03-01 22:00:00+00:00,2013-03-01 22:00:00+00:00,2013-03-08 22:00:00+00:00,2014-03-08 22:00:00+00:00,,,,
wf_test,WF_3y1y_F0,0.3,nofin,38,38.02602739726027,0.39473684210526316,-0.03887751270132066,-0.8913631578947976,0.7364261219191858,-1.7131601435055765,-0.017143234249982542,-0.06541124705145801,-0.08737236160522464,9.726027397260275,15.289473684210526,2013-03-08 22:00:00+00:00,2014-03-08 22:00:00+00:00,,,,0.0,2010-03-01 22:00:00+00:00,2013-03-01 22:00:00+00:00,2013-03-08 22:00:00+00:00,2014-03-08 22:00:00+00:00,,,,
wf_train,WF_3y1y_F1,0.3,nofin,202,67.31797445255474,0.3613861386138614,0.01920312176050005,0.31279009900988847,1.1032762769045643,0.9182002623692842,0.003050650270906896,-0.15640149083548519,0.006520661543427618,13.298357664233576,12.564356435643564,2011-03-01 22:00:00+00:00,2014-03-01 22:00:00+00:00,,,,1.0,2011-03-01 22:00:00+00:00,2014-03-01 22:00:00+00:00,2014-03-08 22:00:00+00:00,2015-03-08 22:00:00+00:00,,,,
wf_test,WF_3y1y_F1,0.3,nofin,40,40.02739726027397,0.25,-0.3850731276229298,-1.931615000000005,0.44543342403299113,-14.449912147497601,-0.14459056620852118,-0.17448388168696397,-2.019289384831636,6.426940639269406,10.0,2014-03-08 22:00:00+00:00,2015-03-08 22:00:00+00:00,,,,1.0,2011-03-01 22:00:00+00:00,2014-03-01 22:00:00+00:00,2014-03-08 22:00:00+00:00,2015-03-08 22:00:00+00:00,,,,
wf_train,WF_3y1y_F2,0.3,nofin,122,40.69452054794521,0.319672131147541,-0.13618978106877083,-1.0121729508196977,0.6979177292805816,-17.110233793799544,-0.06067683853259398,-0.20582125876147356,-0.629152063145732,7.9261796042617965,12.48360655737705,2012-03-01 22:00:00+00:00,2015-03-01 22:00:00+00:00,,,,2.0,2012-03-01 22:00:00+00:00,2015-03-01 22:00:00+00:00,2015-03-08 22:00:00+00:00,2016-03-08 22:00:00+00:00,,,,
wf_test,WF_3y1y_F2,0.3,nofin,47,46.903688524590166,0.3829787234042553,0.2738289610874371,1.5760340425531791,1.5288610441767028,12.916295176851488,0.12888190706788882,-0.05382063887426032,1.0886816649482542,8.469945355191257,13.170212765957446,2015-03-08 22:00:00+00:00,2016-03-08 22:00:00+00:00,,,,2.0,2012-03-01 22:00:00+00:00,2015-03-01 22:00:00+00:00,2015-03-08 22:00:00+00:00,2016-03-08 22:00:00+00:00,,,,
wf_train,WF_3y1y_F3,0.3,nofin,122,40.6573905109489,0.3524590163934426,-0.0431099849105609,-0.3421893442623184,0.8927524660297061,-6.168758393304596,-0.020995720491322034,-0.18621337968925175,-0.14863329303631184,8.08242092457421,12.827868852459016,2013-03-01 22:00:00+00:00,2016-03-01 22:00:00+00:00,,,,3.0,2013-03-01 22:00:00+00:00,2016-03-01 22:00:00+00:00,2016-03-08 22:00:00+00:00,2017-03-08 22:00:00+00:00,,,,
wf_test,WF_3y1y_F3,0.3,nofin,63,63.043150684931504,0.3968253968253968,0.0209929165612287,-0.06894126984125051,0.9767848705323514,0.8214715555217245,0.008220365135647612,-0.11711135238946037,0.101302394706435,12.785388127853881,13.65079365079365,2016-03-08 22:00:00+00:00,2017-03-08 22:00:00+00:00,,,,3.0,2013-03-01 22:00:00+00:00,2016-03-01 22:00:00+00:00,2016-03-08 22:00:00+00:00,2017-03-08 22:00:00+00:00,,,,
wf_train,WF_3y1y_F4,0.3,nofin,151,50.32185218978102,0.36423841059602646,-0.005396598527323099,-0.027258278145694138,0.9911287845723619,-2.2216920448102084,-0.007459475220559009,-0.18621337968925222,0.007067530353557383,9.371198296836983,12.695364238410596,2014-03-01 22:00:00+00:00,2017-03-01 22:00:00+00:00,,,,4.0,2014-03-01 22:00:00+00:00,2017-03-01 22:00:00+00:00,2017-03-08 22:00:00+00:00,2018-03-08 22:00:00+00:00,,,,
wf_test,WF_3y1y_F4,0.3,nofin,75,75.0513698630137,0.36,0.07475375111670811,0.013305333333346365,1.0055763681353003,5.0119716362121425,0.05015489177078769,-0.0837042004115214,0.38471849471389913,16.60958904109589,15.186666666666667,2017-03-08 22:00:00+00:00,2018-03-08 22:00:00+00:00,,,,4.0,2014-03-01 22:00:00+00:00,2017-03-01 22:00:00+00:00,2017-03-08 22:00:00+00:00,2018-03-08 22:00:00+00:00,,,,
wf_train,WF_3y1y_F5,0.3,nofin,184,61.319343065693424,0.3804347826086957,0.1133618901002032,0.41340597826087866,1.1519010521506343,20.829936274219783,0.0650874500532066,-0.12095092587796465,0.5583556383150398,12.602645985401459,14.201086956521738,2015-03-01 22:00:00+00:00,2018-03-01 22:00:00+00:00,,,,5.0,2015-03-01 22:00:00+00:00,2018-03-01 22:00:00+00:00,2018-03-08 22:00:00+00:00,2019-03-08 22:00:00+00:00,,,,
wf_test,WF_3y1y_F5,0.3,nofin,54,54.036986301369865,0.2962962962962963,-0.04535846270749956,-0.4321685185184875,0.7873048799271741,-2.847187920000649,-0.028491100004907177,-0.12292354657899822,-0.18035376074166776,10.69634703196347,11.87037037037037,2018-03-08 22:00:00+00:00,2019-03-08 22:00:00+00:00,,,,5.0,2015-03-01 22:00:00+00:00,2018-03-01 22:00:00+00:00,2018-03-08 22:00:00+00:00,2019-03-08 22:00:00+00:00,,,,
wf_train,WF_3y1y_F6,0.3,nofin,195,65.04452054794521,0.35384615384615387,0.030718578737141098,-0.12128820512818664,0.951919063865937,4.362796750916842,0.014346037914577225,-0.1677010681462748,0.09840824893127753,13.474124809741248,13.697435897435897,2016-03-01 22:00:00+00:00,2019-03-01 22:00:00+00:00,,,,6.0,2016-03-01 22:00:00+00:00,2019-03-01 22:00:00+00:00,2019-03-08 22:00:00+00:00,2020-03-08 22:00:00+00:00,,,,
wf_test,WF_3y1y_F6,0.3,nofin,76,75.84426229508198,0.39473684210526316,0.539428890652515,2.4676539473684294,1.8471311225492337,47.63410276382854,0.4751629459336655,-0.07091392104466407,1.6867674199731455,16.120218579234972,12.973684210526315,2019-03-08 22:00:00+00:00,2020-03-08 22:00:00+00:00,,,,6.0,2016-03-01 22:00:00+00:00,2019-03-01 22:00:00+00:00,2019-03-08 22:00:00+00:00,2020-03-08 22:00:00+00:00,,,,
wf_train,WF_3y1y_F7,0.3,nofin,203,67.65123175182481,0.3497536945812808,0.19737160651852306,0.6220940886699662,1.2496699835372418,44.64448967778927,0.13089367765908277,-0.16770106814627536,0.7643334379045655,14.397049878345499,13.517241379310345,2017-03-01 22:00:00+00:00,2020-03-01 22:00:00+00:00,,,,7.0,2017-03-01 22:00:00+00:00,2020-03-01 22:00:00+00:00,2020-03-08 22:00:00+00:00,2021-03-08 22:00:00+00:00,,,,
wf_test,WF_3y1y_F7,0.3,nofin,70,70.04794520547945,0.34285714285714286,0.04781351691277417,-0.06497714285713835,0.9876472597959107,2.7091834030318562,0.02711063937223579,-0.08756595464328569,0.305823697638942,17.02054794520548,13.771428571428572,2020-03-08 22:00:00+00:00,2021-03-08 22:00:00+00:00,,,,7.0,2017-03-01 22:00:00+00:00,2020-03-01 22:00:00+00:00,2020-03-08 22:00:00+00:00,2021-03-08 22:00:00+00:00,,,,
wf_train,WF_3y1y_F8,0.3,nofin,202,67.31797445255474,0.3465346534653465,0.1971390950378789,0.6440891089109041,1.1785048377930998,44.279760588637714,0.12994255749767736,-0.1229235465789984,0.7795722715229247,14.647962287104622,12.881188118811881,2018-03-01 22:00:00+00:00,2021-03-01 22:00:00+00:00,,,,8.0,2018-03-01 22:00:00+00:00,2021-03-01 22:00:00+00:00,2021-03-08 22:00:00+00:00,2022-03-08 22:00:00+00:00,,,,
wf_test,WF_3y1y_F8,0.3,nofin,69,69.0472602739726,0.36231884057971014,0.06032733826475944,0.6508449275362331,1.1679916476074408,3.337319105400538,0.03339642691957434,-0.12305129644847661,0.25502933363477426,14.691780821917808,12.043478260869565,2021-03-08 22:00:00+00:00,2022-03-08 22:00:00+00:00,,,,8.0,2018-03-01 22:00:00+00:00,2021-03-01 22:00:00+00:00,2021-03-08 22:00:00+00:00,2022-03-08 22:00:00+00:00,,,,
wf_train,WF_3y1y_F9,0.3,nofin,212,70.65054744525547,0.3632075471698113,0.22053385956449545,0.8928141509433999,1.2224285003151762,54.03050313203153,0.15483865834186128,-0.12305129644847654,0.8347111061659366,15.666818734793187,12.995283018867925,2019-03-01 22:00:00+00:00,2022-03-01 22:00:00+00:00,,,,9.0,2019-03-01 22:00:00+00:00,2022-03-01 22:00:00+00:00,2022-03-08 22:00:00+00:00,2023-03-08 22:00:00+00:00,,,,
wf_test,WF_3y1y_F9,0.3,nofin,55,55.03767123287671,0.3090909090909091,-0.17735050591743823,-1.753067272727239,0.609306507674995,-9.616975583778242,-0.09623234931242186,-0.10089357079228424,-1.0657141804766153,10.479452054794521,11.872727272727273,2022-03-08 22:00:00+00:00,2023-03-08 22:00:00+00:00,,,,9.0,2019-03-01 22:00:00+00:00,2022-03-01 22:00:00+00:00,2022-03-08 22:00:00+00:00,2023-03-08 22:00:00+00:00,,,,
wf_train,WF_3y1y_F10,0.3,nofin,198,66.04520547945206,0.3434343434343434,-4.270475618696997e-05,-0.23557121212119883,0.9490836762461035,-1.9482001453263398,-0.006541097455588507,-0.12305129644847675,-0.056312580886947794,14.189497716894977,12.545454545454545,2020-03-01 22:00:00+00:00,2023-03-01 22:00:00+00:00,,,,10.0,2020-03-01 22:00:00+00:00,2023-03-01 22:00:00+00:00,2023-03-08 22:00:00+00:00,2024-03-08 22:00:00+00:00,,,,
wf_test,WF_3y1y_F10,0.3,nofin,74,73.84836065573771,0.32432432432432434,0.036986736015651486,0.31183513513513056,1.073544827005934,1.6731160020373892,0.016696590215167006,-0.16184641888963852,0.14470158603376332,11.816939890710383,10.621621621621621,2023-03-08 22:00:00+00:00,2024-03-08 22:00:00+00:00,,,,10.0,2020-03-01 22:00:00+00:00,2023-03-01 22:00:00+00:00,2023-03-08 22:00:00+00:00,2024-03-08 22:00:00+00:00,,,,
wf_train,WF_3y1y_F11,0.3,nofin,196,65.3184306569343,0.336734693877551,-0.044648211284388464,-0.3397397959183579,0.918018780001652,-10.138162093674941,-0.0349970770838226,-0.20582891873769923,-0.2240343476201752,11.84610705596107,11.183673469387756,2021-03-01 22:00:00+00:00,2024-03-01 22:00:00+00:00,,,,11.0,2021-03-01 22:00:00+00:00,2024-03-01 22:00:00+00:00,2024-03-08 22:00:00+00:00,2025-03-08 22:00:00+00:00,,,,
wf_test,WF_3y1y_F11,0.3,nofin,102,102.06986301369862,0.4019607843137255,0.21047470885429245,1.9090127450980134,1.3763735451279664,22.629540165811623,0.2264667571292136,-0.08280805162738186,1.2512296384166748,22.534246575342465,12.470588235294118,2024-03-08 22:00:00+00:00,2025-03-08 22:00:00+00:00,,,,11.0,2021-03-01 22:00:00+00:00,2024-03-01 22:00:00+00:00,2024-03-08 22:00:00+00:00,2025-03-08 22:00:00+00:00,,,,
wf_train,WF_3y1y_F12,0.3,nofin,233,77.64895072992701,0.3562231759656652,0.06855598257520507,0.6111004291845447,1.1301252922843854,14.37859473594778,0.04578838961935516,-0.20087303666094528,0.3596409732099479,15.13838199513382,11.660944206008583,2022-03-01 22:00:00+00:00,2025-03-01 22:00:00+00:00,,,,12.0,2022-03-01 22:00:00+00:00,2025-03-01 22:00:00+00:00,2025-03-08 22:00:00+00:00,2026-03-08 22:00:00+00:00,,,,
wf_test,WF_3y1y_F12,0.3,nofin,117,117.08013698630137,0.4700854700854701,0.44733312672438064,13.33046923076922,2.2902107143421433,65.93332396744826,0.6599088961265462,-0.07675893382360899,2.450299929576587,27.054794520547944,14.820512820512821,2025-03-08 22:00:00+00:00,2026-03-08 22:00:00+00:00,,,,12.0,2022-03-01 22:00:00+00:00,2025-03-01 22:00:00+00:00,2025-03-08 22:00:00+00:00,2026-03-08 22:00:00+00:00,,,,
wf_oos_concat,WF_3y1y_OOS_concat,0.3,nofin,880,69.80120345654436,0.3715909090909091,0.13155077688385333,2.0968154545454536,1.4581686875411624,186.150523101543,0.08696828710929472,-0.20582891873769787,0.5861656072561945,14.62697371397548,13.029545454545454,2013-07-23 19:00:00+00:00,2026-03-02 14:00:00+00:00,,,,,,,,,,,,
wf_train,WF_2y6m_F0,0.3,nofin,233,116.4203146374829,0.38626609442060084,0.06308744482967134,0.78790944206008,1.3074581627027186,13.917118017456387,0.06727206273816244,-0.12420380883471309,0.5042321678635974,22.72001823985408,12.978540772532188,2010-03-01 22:00:00+00:00,2012-03-01 22:00:00+00:00,,,,0.0,2010-03-01 22:00:00+00:00,2012-03-01 22:00:00+00:00,2012-03-08 22:00:00+00:00,2012-09-08 22:00:00+00:00,,,,
wf_test,WF_2y6m_F0,0.3,nofin,25,49.62635869565218,0.32,-0.04707209565081525,-0.12616399999998976,0.9596679939746899,-1.2516469152389798,-0.0246926945556597,-0.056246453451418994,0.10173690324697353,7.246376811594203,12.16,2012-03-08 22:00:00+00:00,2012-09-08 22:00:00+00:00,,,,0.0,2010-03-01 22:00:00+00:00,2012-03-01 22:00:00+00:00,2012-03-08 22:00:00+00:00,2012-09-08 22:00:00+00:00,,,,
wf_train,WF_2y6m_F1,0.3,nofin,199,99.43194254445964,0.36180904522613067,0.05616617816450143,0.8126668341708506,1.2888086765094287,10.166783634121668,0.049568900819414674,-0.127223559447917,0.40381714144711284,18.217054263565892,12.417085427135678,2010-09-01 22:00:00+00:00,2012-09-01 22:00:00+00:00,,,,1.0,2010-09-01 22:00:00+00:00,2012-09-01 22:00:00+00:00,2012-09-08 22:00:00+00:00,2013-03-08 22:00:00+00:00,,,,
wf_test,WF_2y6m_F1,0.3,nofin,19,38.341160220994475,0.2631578947368421,0.07457372241052573,-0.4806105263158317,0.8600248630767872,-0.20392645812200572,-0.00411087456690673,-0.0346931795343838,0.12444663151602071,6.2154696132596685,10.842105263157896,2012-09-08 22:00:00+00:00,2013-03-08 22:00:00+00:00,,,,1.0,2010-09-01 22:00:00+00:00,2012-09-01 22:00:00+00:00,2012-09-08 22:00:00+00:00,2013-03-08 22:00:00+00:00,,,,
wf_train,WF_2y6m_F2,0.3,nofin,167,83.44288645690834,0.3592814371257485,0.032606563464604416,0.5957449101796372,1.203636454440544,2.757204496485821,0.013682853943745021,-0.1272235594479171,0.0683033196593171,15.406976744186046,12.077844311377245,2011-03-01 22:00:00+00:00,2013-03-01 22:00:00+00:00,,,,2.0,2011-03-01 22:00:00+00:00,2013-03-01 22:00:00+00:00,2013-03-08 22:00:00+00:00,2013-09-08 22:00:00+00:00,,,,
wf_test,WF_2y6m_F2,0.3,nofin,15,29.775815217391308,0.3333333333333333,-0.27086918015485206,-2.1947400000000763,0.5291382459412309,-4.037870201270688,-0.07855952428392443,-0.0587321579176708,-2.157646826048181,6.2726449275362315,12.666666666666666,2013-03-08 22:00:00+00:00,2013-09-08 22:00:00+00:00,,,,2.0,2011-03-01 22:00:00+00:00,2013-03-01 22:00:00+00:00,2013-03-08 22:00:00+00:00,2013-09-08 22:00:00+00:00,,,,
wf_train,WF_2y6m_F3,0.3,nofin,101,50.46545827633379,0.3069306930693069,-0.12804047787218256,-1.2044465346534867,0.6893743009912482,-13.787463829762403,-0.07144582860554993,-0.15037266840630154,-0.7029442293977333,8.863429092567259,12.05940594059406,2011-09-01 22:00:00+00:00,2013-09-01 22:00:00+00:00,,,,3.0,2011-09-01 22:00:00+00:00,2013-09-01 22:00:00+00:00,2013-09-08 22:00:00+00:00,2014-03-08 22:00:00+00:00,,,,
wf_test,WF_2y6m_F3,0.3,nofin,23,46.41298342541437,0.43478260869565216,0.1482123047454918,0.2197956521738672,1.0862782243612534,3.2644958886476783,0.06697086453863066,-0.04230323628543379,0.8036509746414044,11.80939226519337,16.434782608695652,2013-09-08 22:00:00+00:00,2014-03-08 22:00:00+00:00,,,,3.0,2011-09-01 22:00:00+00:00,2013-09-01 22:00:00+00:00,2013-09-08 22:00:00+00:00,2014-03-08 22:00:00+00:00,,,,
wf_train,WF_2y6m_F4,0.3,nofin,79,39.527054794520545,0.3291139240506329,-0.022855106299875545,-0.6523354430380052,0.806747243491828,-3.6731137850320006,-0.018549964612222913,-0.1055245537829857,-0.08803991340679279,8.247716894977168,13.240506329113924,2012-03-01 22:00:00+00:00,2014-03-01 22:00:00+00:00,,,,4.0,2012-03-01 22:00:00+00:00,2014-03-01 22:00:00+00:00,2014-03-08 22:00:00+00:00,2014-09-08 22:00:00+00:00,,,,
wf_test,WF_2y6m_F4,0.3,nofin,27,53.59646739130435,0.14814814814814814,-0.6769607394774708,-3.3402962962963025,0.10213972047144605,-16.790936889981744,-0.30572046137344877,-0.17448388168696397,-4.723635537650272,5.344202898550725,7.7407407407407405,2014-03-08 22:00:00+00:00,2014-09-08 22:00:00+00:00,,,,4.0,2012-03-01 22:00:00+00:00,2014-03-01 22:00:00+00:00,2014-03-08 22:00:00+00:00,2014-09-08 22:00:00+00:00,,,,
wf_train,WF_2y6m_F5,0.3,nofin,87,43.529794520547945,0.3103448275862069,-0.18736903528126211,-1.3821885057471655,0.5933413030281931,-16.717565181319127,-0.08746506644633623,-0.20582125876147364,-0.9191937587659542,8.350456621004566,12.160919540229886,2012-09-01 22:00:00+00:00,2014-09-01 22:00:00+00:00,,,,5.0,2012-09-01 22:00:00+00:00,2014-09-01 22:00:00+00:00,2014-09-08 22:00:00+00:00,2015-03-08 22:00:00+00:00,,,,
wf_test,WF_2y6m_F5,0.3,nofin,13,26.233425414364643,0.46153846153846156,0.22115498930573246,0.994107692307691,1.3324210450502363,2.813425190701735,0.05758679553754975,-0.026404979300166862,0.476840553790048,7.527624309392265,14.692307692307692,2014-09-08 22:00:00+00:00,2015-03-08 22:00:00+00:00,,,,5.0,2012-09-01 22:00:00+00:00,2014-09-01 22:00:00+00:00,2014-09-08 22:00:00+00:00,2015-03-08 22:00:00+00:00,,,,
wf_train,WF_2y6m_F6,0.3,nofin,78,39.026712328767125,0.3333333333333333,-0.20994699225215116,-1.3879025641025977,0.5920072058762476,-15.4895121197144,-0.0807571218771308,-0.17448388168696408,-1.1082511071488172,8.179223744292237,12.794871794871796,2013-03-01 22:00:00+00:00,2015-03-01 22:00:00+00:00,,,,6.0,2013-03-01 22:00:00+00:00,2015-03-01 22:00:00+00:00,2015-03-08 22:00:00+00:00,2015-09-08 22:00:00+00:00,,,,
wf_test,WF_2y6m_F6,0.3,nofin,13,25.805706521739133,0.23076923076923078,-0.1927085353858069,-1.247407692307724,0.6440390373251541,-2.6583008485312143,-0.05207773134670579,-0.04712162931287387,-0.1599713041869295,2.4456521739130435,8.923076923076923,2015-03-08 22:00:00+00:00,2015-09-08 22:00:00+00:00,,,,6.0,2013-03-01 22:00:00+00:00,2015-03-01 22:00:00+00:00,2015-03-08 22:00:00+00:00,2015-09-08 22:00:00+00:00,,,,
wf_train,WF_2y6m_F7,0.3,nofin,78,39.026712328767125,0.3333333333333333,-0.16523898417626362,-0.9871871794872056,0.6804671948184547,-12.61261122332591,-0.06523093959120285,-0.18382607233958445,-0.7546572806837806,7.340182648401827,12.14102564102564,2013-09-01 22:00:00+00:00,2015-09-01 22:00:00+00:00,,,,7.0,2013-09-01 22:00:00+00:00,2015-09-01 22:00:00+00:00,2015-09-08 22:00:00+00:00,2016-03-08 22:00:00+00:00,,,,
wf_test,WF_2y6m_F7,0.3,nofin,34,68.23351648351648,0.4411764705882353,0.4522109450330893,2.6555852941176417,1.9553870067646428,15.999922090067265,0.3469705455906218,-0.03646371731680276,1.9882536848015948,14.56043956043956,14.794117647058824,2015-09-08 22:00:00+00:00,2016-03-08 22:00:00+00:00,,,,7.0,2013-09-01 22:00:00+00:00,2015-09-01 22:00:00+00:00,2015-09-08 22:00:00+00:00,2016-03-08 22:00:00+00:00,,,,
wf_train,WF_2y6m_F8,0.3,nofin,86,42.970588235294116,0.3372093023255814,-0.054993628493133544,-0.14682558139535684,0.9525356245942646,-5.438834615510912,-0.02755574691814422,-0.18621337968925222,-0.1607680701615888,7.415640674874601,11.779069767441861,2014-03-01 22:00:00+00:00,2016-03-01 22:00:00+00:00,,,,8.0,2014-03-01 22:00:00+00:00,2016-03-01 22:00:00+00:00,2016-03-08 22:00:00+00:00,2016-09-08 22:00:00+00:00,,,,
wf_test,WF_2y6m_F8,0.3,nofin,44,87.34239130434783,0.4090909090909091,-0.01748887639611018,-0.34479090909088456,0.8967604778846405,-1.1124313205545744,-0.021961369699867728,-0.10607342890654878,-0.12063390800400503,17.07427536231884,13.181818181818182,2016-03-08 22:00:00+00:00,2016-09-08 22:00:00+00:00,,,,8.0,2014-03-01 22:00:00+00:00,2016-03-01 22:00:00+00:00,2016-03-08 22:00:00+00:00,2016-09-08 22:00:00+00:00,,,,
wf_train,WF_2y6m_F9,0.3,nofin,104,51.96443228454172,0.40384615384615385,0.14399486029476172,0.6906365384615432,1.2204023668348558,14.80165454566773,0.0714047600330936,-0.10607342890654846,0.5419006416480665,10.402416780665755,13.365384615384615,2014-09-01 22:00:00+00:00,2016-09-01 22:00:00+00:00,,,,9.0,2014-09-01 22:00:00+00:00,2016-09-01 22:00:00+00:00,2016-09-08 22:00:00+00:00,2017-03-08 22:00:00+00:00,,,,
wf_test,WF_2y6m_F9,0.3,nofin,19,38.341160220994475,0.3684210526315789,0.1101086476203293,0.5698684210526391,1.2697326464316354,1.9556582307582504,0.03985718710603403,-0.027956120973573327,0.45389456255812366,8.425414364640885,14.736842105263158,2016-09-08 22:00:00+00:00,2017-03-08 22:00:00+00:00,,,,9.0,2014-09-01 22:00:00+00:00,2016-09-01 22:00:00+00:00,2016-09-08 22:00:00+00:00,2017-03-08 22:00:00+00:00,,,,
wf_train,WF_2y6m_F10,0.3,nofin,109,54.462722298221614,0.3944954128440367,0.1378992010033308,0.6882596330275287,1.2330824077546374,14.806520798181143,0.07142745179967913,-0.11711135238945941,0.6519484347896566,10.584815321477429,13.495412844036696,2015-03-01 22:00:00+00:00,2017-03-01 22:00:00+00:00,,,,10.0,2015-03-01 22:00:00+00:00,2017-03-01 22:00:00+00:00,2017-03-08 22:00:00+00:00,2017-09-08 22:00:00+00:00,,,,
wf_test,WF_2y6m_F10,0.3,nofin,45,89.32744565217392,0.35555555555555557,0.05739643640720489,0.15449777777778564,1.0615918340588948,2.112371266759383,0.042367929702681995,-0.0837042004115214,0.3027447748976405,22.14673913043478,15.555555555555555,2017-03-08 22:00:00+00:00,2017-09-08 22:00:00+00:00,,,,10.0,2015-03-01 22:00:00+00:00,2017-03-01 22:00:00+00:00,2017-03-08 22:00:00+00:00,2017-09-08 22:00:00+00:00,,,,
wf_train,WF_2y6m_F11,0.3,nofin,138,68.95280437756497,0.4057971014492754,0.1640200770873508,0.8073688405797202,1.2963562225366843,23.515643457785494,0.11129564887486443,-0.12095092587796491,0.799907950150295,15.298677610579116,14.601449275362318,2015-09-01 22:00:00+00:00,2017-09-01 22:00:00+00:00,,,,11.0,2015-09-01 22:00:00+00:00,2017-09-01 22:00:00+00:00,2017-09-08 22:00:00+00:00,2018-03-08 22:00:00+00:00,,,,
wf_test,WF_2y6m_F11,0.3,nofin,30,60.53867403314917,0.36666666666666664,0.10078972318096288,-0.19848333333331217,0.909879981232888,2.839617113462012,0.05813054836913367,-0.06258984022888871,0.5659856068328607,10.980662983425415,14.633333333333333,2017-09-08 22:00:00+00:00,2018-03-08 22:00:00+00:00,,,,11.0,2015-09-01 22:00:00+00:00,2017-09-01 22:00:00+00:00,2017-09-08 22:00:00+00:00,2018-03-08 22:00:00+00:00,,,,
wf_train,WF_2y6m_F12,0.3,nofin,140,70.04794520547945,0.37857142857142856,0.06785015264403436,0.03588857142858602,1.0133328203012175,8.571644190881123,0.04200652625716983,-0.12095092587796444,0.26879627047369303,14.840182648401827,14.464285714285714,2016-03-01 22:00:00+00:00,2018-03-01 22:00:00+00:00,,,,12.0,2016-03-01 22:00:00+00:00,2018-03-01 22:00:00+00:00,2018-03-08 22:00:00+00:00,2018-09-08 22:00:00+00:00,,,,
wf_test,WF_2y6m_F12,0.3,nofin,8,15.880434782608697,0.125,-0.1756285123162366,-1.1847499999999969,0.5231698789058784,-1.435200680578308,-0.028288113713928364,-0.026334879293261608,-1.1011264648418515,2.6268115942028984,9.0,2018-03-08 22:00:00+00:00,2018-09-08 22:00:00+00:00,,,,12.0,2016-03-01 22:00:00+00:00,2018-03-01 22:00:00+00:00,2018-03-08 22:00:00+00:00,2018-09-08 22:00:00+00:00,,,,
wf_train,WF_2y6m_F13,0.3,nofin,102,51.03493150684931,0.3431372549019608,0.06170164254911248,0.023013725490207176,1.0098229780018737,5.529040009782671,0.02729221699603901,-0.08370420041152156,0.30229215788247604,11.05593607305936,14.617647058823529,2016-09-01 22:00:00+00:00,2018-09-01 22:00:00+00:00,,,,13.0,2016-09-01 22:00:00+00:00,2018-09-01 22:00:00+00:00,2018-09-08 22:00:00+00:00,2019-03-08 22:00:00+00:00,,,,
wf_test,WF_2y6m_F13,0.3,nofin,46,92.82596685082873,0.32608695652173914,-0.02270280190598006,-0.30128478260865993,0.8457422771521407,-1.4325471660997957,-0.028697407246624285,-0.10414480265432416,-0.21088070373159698,18.89963167587477,12.369565217391305,2018-09-08 22:00:00+00:00,2019-03-08 22:00:00+00:00,,,,13.0,2016-09-01 22:00:00+00:00,2018-09-01 22:00:00+00:00,2018-09-08 22:00:00+00:00,2019-03-08 22:00:00+00:00,,,,
wf_train,WF_2y6m_F14,0.3,nofin,130,65.04452054794521,0.33076923076923076,0.017835971943477184,-0.2125323076922873,0.9060111408768212,1.1666303410241774,0.005820232691321703,-0.16770106814627536,0.12156147550296267,13.692922374429223,13.753846153846155,2017-03-01 22:00:00+00:00,2019-03-01 22:00:00+00:00,,,,14.0,2017-03-01 22:00:00+00:00,2019-03-01 22:00:00+00:00,2019-03-08 22:00:00+00:00,2019-09-08 22:00:00+00:00,,,,
wf_test,WF_2y6m_F14,0.3,nofin,38,75.43206521739131,0.4473684210526316,0.7423136631328567,3.2002526315789597,2.1825264394372574,30.933851261679624,0.7074754456001413,-0.02820515166008731,2.15306009175591,15.058876811594203,12.81578947368421,2019-03-08 22:00:00+00:00,2019-09-08 22:00:00+00:00,,,,14.0,2017-03-01 22:00:00+00:00,2019-03-01 22:00:00+00:00,2019-03-08 22:00:00+00:00,2019-09-08 22:00:00+00:00,,,,
wf_train,WF_2y6m_F15,0.3,nofin,122,61.041780821917804,0.3524590163934426,0.2171966361227416,0.7035336065574014,1.3113717995738992,27.877487662194245,0.13092452186874048,-0.16770106814627542,0.8178035718288174,11.832191780821917,12.80327868852459,2017-09-01 22:00:00+00:00,2019-09-01 22:00:00+00:00,,,,15.0,2017-09-01 22:00:00+00:00,2019-09-01 22:00:00+00:00,2019-09-08 22:00:00+00:00,2020-03-08 22:00:00+00:00,,,,
wf_test,WF_2y6m_F15,0.3,nofin,38,76.26098901098901,0.34210526315789475,0.3365441181721734,1.735055263157897,1.5561745385956671,12.75472411544083,0.27241142997268897,-0.07091392104466396,1.0943486538756102,17.19322344322344,13.131578947368421,2019-09-08 22:00:00+00:00,2020-03-08 22:00:00+00:00,,,,15.0,2017-09-01 22:00:00+00:00,2019-09-01 22:00:00+00:00,2019-09-08 22:00:00+00:00,2020-03-08 22:00:00+00:00,,,,
wf_train,WF_2y6m_F16,0.3,nofin,128,63.9562243502052,0.34375,0.267491103548327,0.9784273437500158,1.383104265765291,37.43391020953866,0.17219462000086438,-0.1229235465789984,0.9210881437778197,13.275193798449612,12.515625,2018-03-01 22:00:00+00:00,2020-03-01 22:00:00+00:00,,,,16.0,2018-03-01 22:00:00+00:00,2020-03-01 22:00:00+00:00,2020-03-08 22:00:00+00:00,2020-09-08 22:00:00+00:00,,,,
wf_test,WF_2y6m_F16,0.3,nofin,57,113.14809782608697,0.3333333333333333,0.09346276524771087,0.46237017543859854,1.089563564912014,4.839279277348285,0.09835140130355335,-0.08756595464328569,0.6547286656861196,29.121376811594203,14.43859649122807,2020-03-08 22:00:00+00:00,2020-09-08 22:00:00+00:00,,,,16.0,2018-03-01 22:00:00+00:00,2020-03-01 22:00:00+00:00,2020-03-08 22:00:00+00:00,2020-09-08 22:00:00+00:00,,,,
wf_train,WF_2y6m_F17,0.3,nofin,179,89.43878248974008,0.3575418994413408,0.25043483030641484,1.0237206703910762,1.2944744933722958,51.86808030346772,0.23217158850514985,-0.10414480265432416,1.069475158684004,20.09233926128591,13.296089385474861,2018-09-01 22:00:00+00:00,2020-09-01 22:00:00+00:00,,,,17.0,2018-09-01 22:00:00+00:00,2020-09-01 22:00:00+00:00,2020-09-08 22:00:00+00:00,2021-03-08 22:00:00+00:00,,,,
wf_test,WF_2y6m_F17,0.3,nofin,13,26.233425414364643,0.3076923076923077,-0.18229124948015066,-2.5826307692307466,0.529297792308482,-2.408809911827048,-0.0480128478141294,-0.0349630890415969,-0.7011593970924674,4.074585635359116,8.846153846153847,2020-09-08 22:00:00+00:00,2021-03-08 22:00:00+00:00,,,,17.0,2018-09-01 22:00:00+00:00,2020-09-01 22:00:00+00:00,2020-09-08 22:00:00+00:00,2021-03-08 22:00:00+00:00,,,,
wf_train,WF_2y6m_F18,0.3,nofin,147,73.44972640218879,0.3673469387755102,0.29476867832703285,1.0801469387755178,1.2586836883314942,50.09841934345716,0.22497644920691395,-0.08756595464328563,1.1157259143124783,16.59826721386229,13.306122448979592,2019-03-01 22:00:00+00:00,2021-03-01 22:00:00+00:00,,,,18.0,2019-03-01 22:00:00+00:00,2021-03-01 22:00:00+00:00,2021-03-08 22:00:00+00:00,2021-09-08 22:00:00+00:00,,,,
wf_test,WF_2y6m_F18,0.3,nofin,29,57.56657608695653,0.3448275862068966,-0.07703915164393008,-0.24596896551724792,0.9322368646048249,-2.4961395048240798,-0.048940477007980876,-0.06720300456439562,-0.4407887742222564,12.930253623188406,11.655172413793103,2021-03-08 22:00:00+00:00,2021-09-08 22:00:00+00:00,,,,18.0,2019-03-01 22:00:00+00:00,2021-03-01 22:00:00+00:00,2021-03-08 22:00:00+00:00,2021-09-08 22:00:00+00:00,,,,
wf_train,WF_2y6m_F19,0.3,nofin,139,69.45246238030096,0.34532374100719426,0.10484230552680457,0.23137050359712394,1.0515743317130546,13.65946787993062,0.06606526268789992,-0.08756595464328523,0.4302087171143419,15.82877336981304,13.050359712230216,2019-09-01 22:00:00+00:00,2021-09-01 22:00:00+00:00,,,,19.0,2019-09-01 22:00:00+00:00,2021-09-01 22:00:00+00:00,2021-09-08 22:00:00+00:00,2022-03-08 22:00:00+00:00,,,,
wf_test,WF_2y6m_F19,0.3,nofin,40,80.7182320441989,0.375,0.15991804344855937,1.3010350000000073,1.3211254638731247,5.9827975842178915,0.12440787832902345,-0.06643132347597008,0.880581003858791,16.482504604051567,12.325,2021-09-08 22:00:00+00:00,2022-03-08 22:00:00+00:00,,,,19.0,2019-09-01 22:00:00+00:00,2021-09-01 22:00:00+00:00,2021-09-08 22:00:00+00:00,2022-03-08 22:00:00+00:00,,,,
wf_train,WF_2y6m_F20,0.3,nofin,139,69.54760273972603,0.35251798561151076,0.06478718314435161,0.25440503597122505,1.0553306070386723,7.731355728188438,0.037963635884771474,-0.12305129644847675,0.22487986860682918,15.599315068493151,12.942446043165468,2020-03-01 22:00:00+00:00,2022-03-01 22:00:00+00:00,,,,20.0,2020-03-01 22:00:00+00:00,2022-03-01 22:00:00+00:00,2022-03-08 22:00:00+00:00,2022-09-08 22:00:00+00:00,,,,
wf_test,WF_2y6m_F20,0.3,nofin,18,35.73097826086957,0.2222222222222222,-0.45217393304665027,-4.0239999999999965,0.2867426219338034,-7.883546687292286,-0.15041385702597487,-0.08364987845656695,-2.810273589577848,6.544384057971015,11.11111111111111,2022-03-08 22:00:00+00:00,2022-09-08 22:00:00+00:00,,,,20.0,2020-03-01 22:00:00+00:00,2022-03-01 22:00:00+00:00,2022-03-08 22:00:00+00:00,2022-09-08 22:00:00+00:00,,,,
wf_train,WF_2y6m_F21,0.3,nofin,101,50.53458904109589,0.33663366336633666,-0.06453180448535438,-0.6519524752475221,0.8537521877026683,-7.26630857463495,-0.037041537807428804,-0.12305129644847677,-0.22927995360155676,10.182648401826484,11.643564356435643,2020-09-01 22:00:00+00:00,2022-09-01 22:00:00+00:00,,,,21.0,2020-09-01 22:00:00+00:00,2022-09-01 22:00:00+00:00,2022-09-08 22:00:00+00:00,2023-03-08 22:00:00+00:00,,,,
wf_test,WF_2y6m_F21,0.3,nofin,37,74.66436464088397,0.35135135135135137,-0.04365262244917288,-0.6482891891891405,0.834845108980055,-1.8817798928943419,-0.037609823545146304,-0.09043307225201057,-1.5531125953315412,14.479742173112339,12.243243243243244,2022-09-08 22:00:00+00:00,2023-03-08 22:00:00+00:00,,,,21.0,2020-09-01 22:00:00+00:00,2022-09-01 22:00:00+00:00,2022-09-08 22:00:00+00:00,2023-03-08 22:00:00+00:00,,,,
wf_train,WF_2y6m_F22,0.3,nofin,124,62.04246575342466,0.3387096774193548,-0.045094286170892756,-0.415406451612887,0.8998072797975267,-6.600605641896895,-0.03358897927122095,-0.12305129644847661,-0.23203611844800587,12.585616438356164,11.96774193548387,2021-03-01 22:00:00+00:00,2023-03-01 22:00:00+00:00,,,,22.0,2021-03-01 22:00:00+00:00,2023-03-01 22:00:00+00:00,2023-03-08 22:00:00+00:00,2023-09-08 22:00:00+00:00,,,,
wf_test,WF_2y6m_F22,0.3,nofin,32,63.52173913043479,0.28125,-0.22724576306578273,-1.2384843750000227,0.7374569731915468,-7.248537485180206,-0.1387485915443104,-0.1253391456725791,-1.2041984875681557,8.763586956521738,9.59375,2023-03-08 22:00:00+00:00,2023-09-08 22:00:00+00:00,,,,22.0,2021-03-01 22:00:00+00:00,2023-03-01 22:00:00+00:00,2023-03-08 22:00:00+00:00,2023-09-08 22:00:00+00:00,,,,
wf_train,WF_2y6m_F23,0.3,nofin,129,64.54417808219178,0.3178294573643411,-0.09887193939243726,-0.7321821705426239,0.8343662553742457,-13.030972580027267,-0.0674727292536329,-0.166065637345071,-0.43836283620594335,11.906392694063927,11.4031007751938,2021-09-01 22:00:00+00:00,2023-09-01 22:00:00+00:00,,,,23.0,2021-09-01 22:00:00+00:00,2023-09-01 22:00:00+00:00,2023-09-08 22:00:00+00:00,2024-03-08 22:00:00+00:00,,,,
wf_test,WF_2y6m_F23,0.3,nofin,42,84.28846153846153,0.35714285714285715,0.23830673531579186,1.493030952380962,1.385149929950185,9.618881735468188,0.20238810904922366,-0.06312734121964267,0.9954221532038434,14.903846153846153,11.404761904761905,2023-09-08 22:00:00+00:00,2024-03-08 22:00:00+00:00,,,,23.0,2021-09-01 22:00:00+00:00,2023-09-01 22:00:00+00:00,2023-09-08 22:00:00+00:00,2024-03-08 22:00:00+00:00,,,,
wf_train,WF_2y6m_F24,0.3,nofin,131,65.45519835841313,0.3282442748091603,-0.08459189348152302,-0.6415717557251744,0.853858175873272,-11.476451816201372,-0.05909123935059546,-0.20087303666094528,-0.39787524355408316,10.847013223894209,10.610687022900763,2022-03-01 22:00:00+00:00,2024-03-01 22:00:00+00:00,,,,24.0,2022-03-01 22:00:00+00:00,2024-03-01 22:00:00+00:00,2024-03-08 22:00:00+00:00,2024-09-08 22:00:00+00:00,,,,
wf_test,WF_2y6m_F24,0.3,nofin,56,111.16304347826087,0.30357142857142855,0.03349401499580927,-0.10540535714284717,0.9817312974594925,1.3503629066233813,0.026983706035777377,-0.08280805162738186,0.26143193318675917,23.66394927536232,10.964285714285714,2024-03-08 22:00:00+00:00,2024-09-08 22:00:00+00:00,,,,24.0,2022-03-01 22:00:00+00:00,2024-03-01 22:00:00+00:00,2024-03-08 22:00:00+00:00,2024-09-08 22:00:00+00:00,,,,
wf_train,WF_2y6m_F25,0.3,nofin,165,82.44357045143639,0.3212121212121212,0.020706710684179924,-0.039100606060592534,0.9916753913595762,1.5391190234259833,0.007660946051271544,-0.19157573195713,-0.02334403982008444,15.412676698586411,11.16969696969697,2022-09-01 22:00:00+00:00,2024-09-01 22:00:00+00:00,,,,25.0,2022-09-01 22:00:00+00:00,2024-09-01 22:00:00+00:00,2024-09-08 22:00:00+00:00,2025-03-08 22:00:00+00:00,,,,
wf_test,WF_2y6m_F25,0.3,nofin,46,92.82596685082873,0.5217391304347826,0.4259294665950547,4.361347826086886,2.0327924551613155,20.995659659150135,0.46901348068527104,-0.0218124718271558,2.3852630329385747,21.385819521178636,14.304347826086957,2024-09-08 22:00:00+00:00,2025-03-08 22:00:00+00:00,,,,25.0,2022-09-01 22:00:00+00:00,2024-09-01 22:00:00+00:00,2024-09-08 22:00:00+00:00,2025-03-08 22:00:00+00:00,,,,
wf_train,WF_2y6m_F26,0.3,nofin,174,86.94049247606019,0.367816091954023,0.13733174746869456,1.2146764367815892,1.258612242600584,24.313181193648823,0.11487522739403522,-0.16184641888963852,0.6731283516029871,17.042863657090745,11.695402298850574,2023-03-01 22:00:00+00:00,2025-03-01 22:00:00+00:00,,,,26.0,2023-03-01 22:00:00+00:00,2025-03-01 22:00:00+00:00,2025-03-08 22:00:00+00:00,2025-09-08 22:00:00+00:00,,,,
wf_test,WF_2y6m_F26,0.3,nofin,59,117.11820652173914,0.4067796610169492,0.21870808849396148,4.0072915254237005,1.4515525387991435,13.12012205679125,0.2772606774377966,-0.07675893382360899,1.4270132773096393,23.097826086956523,13.59322033898305,2025-03-08 22:00:00+00:00,2025-09-08 22:00:00+00:00,,,,26.0,2023-03-01 22:00:00+00:00,2025-03-01 22:00:00+00:00,2025-03-08 22:00:00+00:00,2025-09-08 22:00:00+00:00,,,,
wf_train,WF_2y6m_F27,0.3,nofin,199,99.43194254445964,0.39195979899497485,0.21341681596317089,2.2562040201004825,1.3803910096203218,49.237580443853226,0.22146108108929474,-0.08280805162738138,1.1548643396396918,20.491336069311444,12.5678391959799,2023-09-01 22:00:00+00:00,2025-09-01 22:00:00+00:00,,,,27.0,2023-09-01 22:00:00+00:00,2025-09-01 22:00:00+00:00,2025-09-08 22:00:00+00:00,2026-03-08 22:00:00+00:00,,,,
wf_test,WF_2y6m_F27,0.3,nofin,57,115.02348066298343,0.543859649122807,0.7071064307453232,23.464999999999996,3.0034811759604128,47.980878503761716,1.2052984913998084,-0.030722541566063123,3.461341347850915,30.847145488029465,16.17543859649123,2025-09-08 22:00:00+00:00,2026-03-08 22:00:00+00:00,,,,27.0,2023-09-01 22:00:00+00:00,2025-09-01 22:00:00+00:00,2025-09-08 22:00:00+00:00,2026-03-08 22:00:00+00:00,,,,
wf_train,WF_2y6m_F28,0.3,nofin,221,110.57568493150684,0.43891402714932126,0.3303967882745161,7.933180542986407,2.043260708112708,101.95923357323018,0.42146574811173054,-0.08280805162738192,1.8199770869963814,24.708904109589042,13.760180995475114,2024-03-01 22:00:00+00:00,2026-03-01 22:00:00+00:00,,,,28.0,2024-03-01 22:00:00+00:00,2026-03-01 22:00:00+00:00,2026-03-08 22:00:00+00:00,2026-09-08 22:00:00+00:00,,,,
wf_test,WF_2y6m_F28,0.3,nofin,12,23.820652173913047,0.4166666666666667,0.17920241568168685,6.548174999999856,1.5054733056939367,2.0983630149318255,0.042084092265697315,-0.01820927673490152,0.6772246970539384,5.774456521739131,13.75,2026-03-08 22:00:00+00:00,2026-09-08 22:00:00+00:00,,,,28.0,2024-03-01 22:00:00+00:00,2026-03-01 22:00:00+00:00,2026-03-08 22:00:00+00:00,2026-09-08 22:00:00+00:00,,,,
wf_oos_concat,WF_2y6m_OOS_concat,0.3,nofin,935,65.13044031054568,0.3679144385026738,0.12776461487575666,2.063203850267377,1.4480073312569017,191.7087069190853,0.07742624259642805,-0.21464863322008348,0.5508286614327351,13.437378320605834,12.932620320855616,2012-04-30 19:00:00+00:00,2026-09-08 06:00:00+00:00,,,,,,,,,,,,
yearly,Y2010,0.3,nofin,103,103.07054794520548,0.4077669902912621,0.12498055861429086,0.8724252427184405,1.3910244332069475,13.036422636521095,0.1304591034460012,-0.06095393660735623,1.010825347120958,21.91780821917808,14.679611650485437,2010-01-01 00:00:00+00:00,2011-01-01 00:00:00+00:00,,,,,,,,,29.446806181466535,,,
yearly,Y2011,0.3,nofin,110,110.07534246575342,0.38181818181818183,0.06994219003577964,1.2712336363636363,1.462813585373264,6.903633058966174,0.06908521274691215,-0.12420380883471362,0.5731931437936253,20.26255707762557,11.736363636363636,2011-01-01 00:00:00+00:00,2012-01-01 00:00:00+00:00,,,,,,,,,10.26386101778991,,,
yearly,Y2012,0.3,nofin,63,62.87090163934426,0.3333333333333333,-0.0039174970748487616,-0.4766634920635091,0.8484561907799343,-1.9795945353615618,-0.01975578326089744,-0.10944249528043273,-0.24134203758155362,11.179417122040073,12.476190476190476,2012-01-01 00:00:00+00:00,2013-01-01 00:00:00+00:00,,,,,,,,,7.0631720730839564,,,
yearly,Y2013,0.3,nofin,21,21.014383561643836,0.2857142857142857,-0.3775680131140909,-2.7507047619048253,0.3640087023156174,-7.686303071648382,-0.07691359805365394,-0.08733273750349756,-1.6787797752094642,5.239726027397261,13.285714285714286,2013-01-01 00:00:00+00:00,2014-01-01 00:00:00+00:00,,,,,,,,,-28.53076325603733,,,
yearly,Y2014,0.3,nofin,48,48.032876712328765,0.3125,-0.24527452956692172,-1.2748312500000225,0.5837401813962939,-11.387713112927267,-0.11395050614148272,-0.17448388168696402,-1.2286376922220894,7.796803652968037,11.833333333333334,2014-01-01 00:00:00+00:00,2015-01-01 00:00:00+00:00,,,,,,,,,-3.3029090793239013,,,
yearly,Y2015,0.3,nofin,36,36.02465753424657,0.3888888888888889,0.08861129990966633,0.023913888888872234,1.0080959819140467,2.7934864648074376,0.02795426309117577,-0.0665017583790927,0.34319880744051656,7.739726027397261,12.694444444444445,2015-01-01 00:00:00+00:00,2016-01-01 00:00:00+00:00,,,,,,,,,-10.726854119227092,,,
yearly,Y2016,0.3,nofin,69,68.85860655737704,0.4057971014492754,0.12577856684739874,0.7694898550724754,1.2371909905056282,8.281338694730756,0.08263686139158222,-0.10607342890654825,0.6444746598809402,12.921220400728597,13.36231884057971,2016-01-01 00:00:00+00:00,2017-01-01 00:00:00+00:00,,,,,,,,,7.0822690070673655,,,
yearly,Y2017,0.3,nofin,72,72.04931506849314,0.3888888888888889,0.1546941278896499,0.5333361111111259,1.2430683163998812,10.991269955065786,0.1099919785526644,-0.08370420041152117,0.7953269912809013,17.04337899543379,15.708333333333334,2017-01-01 00:00:00+00:00,2018-01-01 00:00:00+00:00,,,,,,,,,12.479038979295431,,,
yearly,Y2018,0.3,nofin,54,54.036986301369865,0.24074074074074073,-0.19164838257773673,-1.1029092592592495,0.5539933245515615,-10.142579801653827,-0.10149161677663376,-0.12426557749380966,-0.9999084844236703,9.5662100456621,11.87037037037037,2018-01-01 00:00:00+00:00,2019-01-01 00:00:00+00:00,,,,,,,,,-2.640403110805367,,,
yearly,Y2019,0.3,nofin,67,67.0458904109589,0.40298507462686567,0.5294687455063282,2.0179955223880817,1.8203432919134186,40.217247260138,0.4024971446126495,-0.04875836398382212,1.6339455778659293,14.223744292237443,12.82089552238806,2019-01-01 00:00:00+00:00,2020-01-01 00:00:00+00:00,,,,,,,,,18.12001884419665,,,
yearly,Y2020,0.3,nofin,94,93.80737704918033,0.35106382978723405,0.138139586122665,0.384434042553197,1.0805328026403918,12.474661338085792,0.12447569783243084,-0.0875659546432857,0.6028814149190557,22.19945355191257,13.914893617021276,2020-01-01 00:00:00+00:00,2021-01-01 00:00:00+00:00,,,,,,,,,24.1322584337645,,,
yearly,Y2021,0.3,nofin,50,50.034246575342465,0.3,-0.12403086281862784,-1.0843780000000012,0.7304619474842515,-6.451091366881756,-0.06455364134891506,-0.12305129644847636,-0.4943223797600411,10.308219178082192,11.7,2021-01-01 00:00:00+00:00,2022-01-01 00:00:00+00:00,,,,,,,,,-5.842326676097576,,,
yearly,Y2022,0.3,nofin,60,60.04109589041096,0.36666666666666664,0.0750366766172835,0.5066216666667024,1.1153215214384387,3.7992207149385004,0.038018717721554074,-0.08364987845656689,0.2846740384397704,11.358447488584474,12.166666666666666,2022-01-01 00:00:00+00:00,2023-01-01 00:00:00+00:00,,,,,,,,,1.2456774686456784,,,
yearly,Y2023,0.3,nofin,76,76.05205479452054,0.3026315789473684,-0.08321236085568491,-0.6955499999999935,0.8414910013373575,-6.778212815667883,-0.06782694295786373,-0.16184641888963786,-0.3836993874492129,12.5,10.447368421052632,2023-01-01 00:00:00+00:00,2024-01-01 00:00:00+00:00,,,,,,,,,12.160639635289572,,,
yearly,Y2024,0.3,nofin,96,95.80327868852459,0.3541666666666667,0.12765639611722673,0.7177447916666537,1.1380493871138917,11.588082292620161,0.11563013446326043,-0.0828080516273815,0.6994454157053601,21.0724043715847,11.510416666666666,2024-01-01 00:00:00+00:00,2025-01-01 00:00:00+00:00,,,,,,,,,27.477345095343697,,,
yearly,Y2025,0.3,nofin,116,116.07945205479452,0.46551724137931033,0.41468486649151426,7.19018362068963,1.8084654456827707,59.37364652402095,0.5942453208851941,-0.07675893382360918,2.3844975101873795,24.098173515981735,14.405172413793103,2025-01-01 00:00:00+00:00,2026-01-01 00:00:00+00:00,,,,,,,,,62.52774071906653,,,
yearly,Y2026,0.3,nofin,34,44.83212996389892,0.5588235294117647,0.5278781566684154,27.32447352941169,2.9947316427153123,19.080346988855457,0.25893162178986007,-0.027783532733281446,1.9502479980718284,12.815884476534295,16.823529411764707,2026-01-01 00:00:00+00:00,2026-10-05 00:00:00+00:00,,,,,,,,,-4.19824197895683,,,
sensitivity,d15_atr1.5,0.3,nofin,1571,93.74411860807058,0.3647358370464672,0.0997338047082951,1.2858928389560746,1.3744931779500151,294.9414653146759,0.08541564199165719,-0.33634871311805997,0.5105742446707768,12.178701737188913,8.537237428389561,2010-01-01 00:00:00+00:00,2026-10-05 00:00:00+00:00,,,,,,,,,,15.0,1.5,7.0
sensitivity,d15_atr2.0,0.3,nofin,1369,81.69045090671459,0.3798392987582177,0.11247900300180988,1.6312601899196468,1.390506782787951,298.23332887910044,0.08595338762360094,-0.31537468966129395,0.5821327483825613,15.5285084136579,12.135865595325054,2010-01-01 00:00:00+00:00,2026-10-05 00:00:00+00:00,,,,,,,,,,15.0,2.0,7.0
sensitivity,d15_atr2.5,0.3,nofin,1268,75.6636170560366,0.38170347003154576,0.08366189614744379,1.66831989353312,1.3546634312506463,160.00350026154192,0.058674571384707,-0.32081914645150095,0.4821777042641424,18.04171431683276,14.772082018927446,2010-01-01 00:00:00+00:00,2026-10-05 00:00:00+00:00,,,,,,,,,,15.0,2.5,7.0
sensitivity,d20_atr1.5,0.3,nofin,1365,81.45176441757883,0.37216117216117217,0.10703045676576554,1.3139218864468794,1.3748183102485667,261.3327496552739,0.07967049995603404,-0.31201219799322316,0.5055546775200719,11.10248870010347,8.81904761904762,2010-01-01 00:00:00+00:00,2026-10-05 00:00:00+00:00,,,,,,,,,,20.0,1.5,10.0
sensitivity,d20_atr2.0,0.3,nofin,1176,70.17382780591406,0.3741496598639456,0.1126773754111889,1.7544449829931927,1.4116333852284053,226.70296759103704,0.07319921998524115,-0.2616358101233333,0.5276729759673863,14.439361760060992,13.011054421768707,2010-01-01 00:00:00+00:00,2026-10-05 00:00:00+00:00,,,,,,,,,,20.0,2.0,10.0
sensitivity,d20_atr2.5,0.3,nofin,1071,63.90830746610031,0.37815126050420167,0.08905181177955725,1.7588199112978475,1.3593444644597312,135.39838630554604,0.052412788704941926,-0.24147368389616497,0.44929685496927857,17.339214725262757,16.631185807656397,2010-01-01 00:00:00+00:00,2026-10-05 00:00:00+00:00,,,,,,,,,,20.0,2.5,10.0
sensitivity,d25_atr1.5,0.3,nofin,1199,71.5462751184447,0.3794829024186822,0.13460895396994205,1.4706893661384457,1.4284008351957072,327.39695350924177,0.09054284910886112,-0.2632184550458366,0.5892614094588362,9.807084898981648,8.95996663886572,2010-01-01 00:00:00+00:00,2026-10-05 00:00:00+00:00,,,,,,,,,,25.0,1.5,12.0
sensitivity,d25_atr2.0,0.3,nofin,1024,61.103741218755104,0.3828125,0.14918528316177027,2.0561185546874987,1.4933310873962036,303.9215165086805,0.08687281152659532,-0.22458046513645655,0.6357229589455509,12.915917878342318,13.5087890625,2010-01-01 00:00:00+00:00,2026-10-05 00:00:00+00:00,,,,,,,,,,25.0,2.0,12.0
sensitivity,d25_atr2.5,0.3,nofin,921,54.95756412350923,0.38545059717698155,0.12963583390834194,2.1263169109663393,1.4337407173587857,201.7961153286644,0.06813289825939295,-0.20164156519273643,0.5883663956467247,15.550291346729837,17.578718783930512,2010-01-01 00:00:00+00:00,2026-10-05 00:00:00+00:00,,,,,,,,,,25.0,2.5,12.0
